-- MySQL dump 10.13  Distrib 5.5.38, for debian-linux-gnu (i686)
--
-- Host: localhost    Database: Cgl_development
-- ------------------------------------------------------
-- Server version	5.5.38-0ubuntu0.14.04.1

/*!40101 SET @OLD_CHARACTER_SET_CLIENT=@@CHARACTER_SET_CLIENT */;
/*!40101 SET @OLD_CHARACTER_SET_RESULTS=@@CHARACTER_SET_RESULTS */;
/*!40101 SET @OLD_COLLATION_CONNECTION=@@COLLATION_CONNECTION */;
/*!40101 SET NAMES utf8 */;
/*!40103 SET @OLD_TIME_ZONE=@@TIME_ZONE */;
/*!40103 SET TIME_ZONE='+00:00' */;
/*!40014 SET @OLD_UNIQUE_CHECKS=@@UNIQUE_CHECKS, UNIQUE_CHECKS=0 */;
/*!40014 SET @OLD_FOREIGN_KEY_CHECKS=@@FOREIGN_KEY_CHECKS, FOREIGN_KEY_CHECKS=0 */;
/*!40101 SET @OLD_SQL_MODE=@@SQL_MODE, SQL_MODE='NO_AUTO_VALUE_ON_ZERO' */;
/*!40111 SET @OLD_SQL_NOTES=@@SQL_NOTES, SQL_NOTES=0 */;

--
-- Table structure for table `expeditions`
--

DROP TABLE IF EXISTS `expeditions`;
/*!40101 SET @saved_cs_client     = @@character_set_client */;
/*!40101 SET character_set_client = utf8 */;
CREATE TABLE `expeditions` (
  `id` int(11) NOT NULL AUTO_INCREMENT,
  `user_id` int(11) DEFAULT NULL,
  `take_aboard` date DEFAULT NULL,
  `delivered` date DEFAULT NULL,
  `region` int(11) DEFAULT '1',
  `comment` varchar(255) COLLATE utf8_unicode_ci DEFAULT NULL,
  `created_at` datetime DEFAULT NULL,
  `updated_at` datetime DEFAULT NULL,
  `amount_boxes` int(11) DEFAULT NULL,
  PRIMARY KEY (`id`),
  KEY `index_expeditions_on_delivered` (`delivered`),
  KEY `index_expeditions_on_region` (`region`),
  KEY `index_expeditions_on_take_aboard` (`take_aboard`),
  KEY `index_expeditions_on_user_id` (`user_id`)
) ENGINE=InnoDB AUTO_INCREMENT=119 DEFAULT CHARSET=utf8 COLLATE=utf8_unicode_ci;
/*!40101 SET character_set_client = @saved_cs_client */;

--
-- Dumping data for table `expeditions`
--

LOCK TABLES `expeditions` WRITE;
/*!40000 ALTER TABLE `expeditions` DISABLE KEYS */;
INSERT INTO `expeditions` VALUES (1,3,'2014-04-24',NULL,1,NULL,'2014-04-23 13:24:30','2014-04-23 13:24:30',NULL),(2,3,'2014-04-25',NULL,1,NULL,'2014-04-24 07:28:16','2014-04-24 07:28:16',NULL),(3,3,'2014-04-28','2014-04-28',1,NULL,'2014-04-27 07:23:36','2014-04-27 07:23:36',NULL),(4,3,'2014-04-28','2014-04-28',1,NULL,'2014-04-27 10:42:00','2014-04-27 10:42:00',NULL),(5,3,'2014-04-28','2014-04-28',1,NULL,'2014-04-27 10:49:41','2014-04-27 10:49:41',NULL),(6,3,'2014-04-28','2014-04-28',1,NULL,'2014-04-27 11:27:07','2014-04-27 11:27:07',NULL),(7,3,'2014-04-28','2014-04-28',1,NULL,'2014-04-27 11:30:59','2014-04-27 11:30:59',NULL),(8,3,'2014-04-28','2014-04-28',1,NULL,'2014-04-27 11:32:15','2014-04-27 11:32:15',NULL),(9,3,'2014-04-28','2014-04-28',1,NULL,'2014-04-27 11:33:38','2014-04-27 11:33:38',NULL),(10,3,'2014-04-28','2014-04-28',1,NULL,'2014-04-27 11:47:58','2014-04-27 11:47:58',NULL),(11,3,'2014-04-28','2014-04-28',1,NULL,'2014-04-27 11:50:29','2014-04-27 11:50:29',NULL),(12,3,'2014-04-28','2014-04-28',1,NULL,'2014-04-27 11:57:45','2014-04-27 11:57:45',NULL),(13,3,'2014-04-28','2014-04-28',1,NULL,'2014-04-27 11:59:40','2014-04-27 11:59:40',NULL),(14,3,'2014-04-28','2014-04-28',1,NULL,'2014-04-27 12:15:03','2014-04-27 12:15:03',NULL),(15,3,'2014-04-28','2014-04-28',1,NULL,'2014-04-27 12:21:20','2014-04-27 12:21:20',NULL),(16,3,'2014-04-28','2014-04-28',1,NULL,'2014-04-27 12:29:55','2014-04-27 12:29:55',NULL),(17,3,'2014-04-29','2014-04-29',1,NULL,'2014-04-28 05:44:59','2014-04-28 05:44:59',NULL),(18,3,'2014-04-29','2014-04-29',1,NULL,'2014-04-28 05:47:35','2014-04-28 05:47:35',NULL),(19,3,'2014-04-29','2014-04-29',1,NULL,'2014-04-28 05:54:28','2014-04-28 05:54:28',NULL),(20,3,'2014-04-29','2014-04-29',1,NULL,'2014-04-28 05:54:41','2014-04-28 05:54:41',NULL),(21,3,'2014-04-29','2014-04-29',1,NULL,'2014-04-28 05:55:36','2014-04-28 05:55:36',NULL),(22,3,'2014-04-29','2014-04-29',1,NULL,'2014-04-28 06:05:33','2014-04-28 06:05:33',NULL),(23,3,'2014-04-29','2014-04-29',1,NULL,'2014-04-28 06:12:13','2014-04-28 06:12:13',NULL),(24,3,'2014-04-29','2014-04-29',1,NULL,'2014-04-28 06:28:58','2014-04-28 06:28:58',2),(25,3,'2014-04-29','2014-04-29',1,NULL,'2014-04-28 06:36:01','2014-04-28 06:36:01',20),(26,3,'2014-04-29','2014-04-29',1,NULL,'2014-04-28 06:37:37','2014-04-28 06:37:37',20),(27,3,'2014-04-29','2014-04-29',1,NULL,'2014-04-28 07:05:29','2014-04-28 07:05:29',6),(28,3,'2014-04-29','2014-04-29',1,NULL,'2014-04-28 07:13:39','2014-04-28 07:13:39',6),(29,3,'2014-04-29','2014-04-29',1,NULL,'2014-04-28 07:14:45','2014-04-28 07:14:45',6),(30,3,'2014-04-29','2014-04-29',1,NULL,'2014-04-28 07:20:08','2014-04-28 07:20:08',24),(31,3,'2014-04-29','2014-04-29',1,NULL,'2014-04-28 07:29:13','2014-04-28 07:29:13',18),(32,3,'2014-04-29','2014-04-29',1,NULL,'2014-04-28 07:48:28','2014-04-28 07:48:28',6),(33,3,'2014-04-29','2014-04-29',1,NULL,'2014-04-28 08:07:57','2014-04-28 08:07:57',18),(34,3,'2014-04-29','2014-04-29',1,NULL,'2014-04-28 08:30:16','2014-04-28 08:30:16',8),(35,3,'2014-04-29','2014-04-29',1,NULL,'2014-04-28 08:42:01','2014-04-28 08:42:01',30),(36,3,'2014-04-29','2014-04-29',1,NULL,'2014-04-28 11:33:17','2014-04-28 11:33:17',12),(37,3,'2014-04-29','2014-04-29',1,NULL,'2014-04-28 11:44:29','2014-04-28 11:44:29',2),(38,3,'2014-04-29','2014-04-29',1,NULL,'2014-04-28 11:53:57','2014-04-28 11:53:57',55),(39,3,'2014-04-29','2014-04-29',1,NULL,'2014-04-28 11:58:09','2014-04-28 11:58:09',11),(40,3,'2014-04-29','2014-04-29',1,NULL,'2014-04-28 12:16:20','2014-04-28 12:16:20',11),(41,3,'2014-04-29','2014-04-29',1,NULL,'2014-04-28 12:18:25','2014-04-28 12:18:25',77),(42,3,'2014-04-29','2014-04-29',1,NULL,'2014-04-29 04:45:10','2014-04-29 04:45:10',383),(43,3,'2014-04-30','2014-04-30',1,NULL,'2014-04-29 08:23:47','2014-04-29 08:23:47',12),(44,3,'2014-04-30','2014-04-30',1,NULL,'2014-04-29 11:46:39','2014-04-29 11:46:39',14),(45,3,'2014-04-30','2014-04-30',1,NULL,'2014-04-29 11:48:28','2014-04-29 11:48:28',14),(46,3,'2014-04-30','2014-04-30',1,NULL,'2014-04-29 12:04:47','2014-04-29 12:04:47',15),(47,3,'2014-04-30','2014-04-30',1,NULL,'2014-04-30 04:30:22','2014-04-30 04:30:22',95),(48,3,'2014-05-01','2014-05-01',1,NULL,'2014-05-01 04:16:45','2014-05-01 04:16:45',26),(49,3,'2014-05-05','2014-05-05',1,NULL,'2014-05-05 04:00:43','2014-05-05 04:00:43',25),(50,3,'2014-05-05','2014-05-05',1,NULL,'2014-05-05 02:43:37','2014-05-05 02:43:37',12),(51,3,'2014-05-05','2014-05-05',1,NULL,'2014-05-05 02:47:13','2014-05-05 02:47:13',12),(52,3,'2014-05-05','2014-05-05',1,NULL,'2014-05-05 02:47:29','2014-05-05 02:47:29',12),(53,3,'2014-05-05','2014-05-05',1,NULL,'2014-05-05 02:48:06','2014-05-05 02:48:06',12),(54,3,'2014-05-05','2014-05-05',1,NULL,'2014-05-05 02:51:23','2014-05-05 02:51:23',12),(55,3,'2014-05-06','2014-05-06',1,NULL,'2014-05-06 03:09:39','2014-05-06 03:09:39',25),(56,3,'2014-05-06','2014-05-06',1,NULL,'2014-05-06 03:12:14','2014-05-06 03:12:14',25),(57,3,'2014-05-06','2014-05-06',1,NULL,'2014-05-06 03:12:24','2014-05-06 03:12:24',25),(58,3,'2014-05-06','2014-05-06',1,NULL,'2014-05-06 03:31:01','2014-05-06 03:31:01',25),(59,3,'2014-05-06','2014-05-06',1,NULL,'2014-05-06 03:42:26','2014-05-06 03:42:26',25),(60,3,'2014-05-06','2014-05-06',1,NULL,'2014-05-06 03:31:45','2014-05-06 03:31:45',123),(61,3,'2014-05-06','2014-05-06',1,NULL,'2014-05-06 03:49:27','2014-05-06 03:49:27',123),(62,3,'2014-05-06','2014-05-06',1,NULL,'2014-05-06 04:21:12','2014-05-06 04:21:12',123),(63,3,'2014-05-07','2014-05-07',1,NULL,'2014-05-07 03:19:54','2014-05-07 03:19:54',123),(64,3,'2014-05-07','2014-05-07',1,NULL,'2014-05-07 03:33:57','2014-05-07 03:33:57',56),(65,3,'2014-05-07','2014-05-07',1,NULL,'2014-05-07 03:55:09','2014-05-07 03:55:09',122),(66,3,'2014-05-07','2014-05-07',1,NULL,'2014-05-07 04:02:04','2014-05-07 04:02:04',110),(67,3,'2014-05-07','2014-05-07',1,NULL,'2014-05-07 04:03:46','2014-05-07 04:03:46',12),(68,3,'2014-05-07','2014-05-07',1,NULL,'2014-05-07 04:24:05','2014-05-07 04:24:05',110),(69,3,'2014-05-07','2014-05-07',1,NULL,'2014-05-07 04:28:01','2014-05-07 04:28:01',1),(70,3,'2014-05-07','2014-05-07',1,NULL,'2014-05-07 04:29:40','2014-05-07 04:29:40',110),(71,3,'2014-05-07','2014-05-07',1,NULL,'2014-05-07 04:34:45','2014-05-07 04:34:45',110),(72,3,'2014-05-07','2014-05-07',1,NULL,'2014-05-07 04:36:28','2014-05-07 04:36:28',110),(73,3,'2014-05-07','2014-05-07',1,NULL,'2014-05-07 04:41:04','2014-05-07 04:41:04',110),(74,3,'2014-05-07','2014-05-07',1,NULL,'2014-05-07 03:08:46','2014-05-07 03:08:46',110),(75,3,'2014-05-07','2014-05-07',1,NULL,'2014-05-07 03:13:10','2014-05-07 03:13:10',110),(76,3,'2014-05-07','2014-05-07',1,NULL,'2014-05-07 03:13:29','2014-05-07 03:13:29',110),(77,3,'2014-05-07','2014-05-07',1,NULL,'2014-05-07 03:16:35','2014-05-07 03:16:35',110),(78,3,'2014-05-07','2014-05-07',1,NULL,'2014-05-07 03:18:29','2014-05-07 03:18:29',1),(79,3,'2014-05-07','2014-05-07',1,NULL,'2014-05-07 03:22:43','2014-05-07 03:22:43',1),(80,3,'2014-05-07','2014-05-07',1,NULL,'2014-05-07 03:25:02','2014-05-07 03:25:02',1),(81,3,'2014-05-07','2014-05-07',1,NULL,'2014-05-07 03:29:01','2014-05-07 03:29:01',1),(82,3,'2014-05-07','2014-05-07',1,NULL,'2014-05-07 03:45:02','2014-05-07 03:45:02',1),(83,3,'2014-05-07','2014-05-07',1,NULL,'2014-05-07 03:48:26','2014-05-07 03:48:26',1),(84,3,'2014-05-07','2014-05-07',1,NULL,'2014-05-07 04:15:43','2014-05-07 04:15:43',1),(85,3,'2014-05-07','2014-05-07',1,NULL,'2014-05-07 04:20:41','2014-05-07 04:20:41',1),(86,3,'2014-05-07','2014-05-07',1,NULL,'2014-05-07 03:18:18','2014-05-07 03:18:18',110),(87,3,'2014-05-07','2014-05-07',1,NULL,'2014-05-07 03:19:48','2014-05-07 03:19:48',110),(88,3,'2014-05-07','2014-05-07',1,NULL,'2014-05-07 03:21:32','2014-05-07 03:21:32',110),(89,3,'2014-05-07','2014-05-07',1,NULL,'2014-05-07 03:38:48','2014-05-07 03:38:48',110),(90,3,'2014-05-07','2014-05-07',1,NULL,'2014-05-07 03:37:42','2014-05-07 03:37:42',135),(91,3,'2014-05-08','2014-05-08',1,NULL,'2014-05-08 03:15:57','2014-05-08 03:15:57',58),(92,3,'2014-05-07','2014-05-07',1,NULL,'2014-05-07 03:45:13','2014-05-07 03:45:13',25),(93,3,'2014-05-06','2014-05-06',1,NULL,'2014-05-06 04:33:29','2014-05-06 04:33:29',24),(94,3,'2014-05-07','2014-05-07',1,NULL,'2014-05-07 04:46:47','2014-05-07 04:46:47',79),(95,3,'2014-05-07','2014-05-07',1,NULL,'2014-05-07 03:07:18','2014-05-07 03:07:18',90),(96,3,'2014-05-08','2014-05-08',1,NULL,'2014-05-08 03:43:25','2014-05-08 03:43:25',90),(97,3,'2014-05-09','2014-05-09',1,NULL,'2014-05-09 03:13:04','2014-05-09 03:13:04',24),(98,3,'2014-05-09','2014-05-09',1,NULL,'2014-05-09 03:17:19','2014-05-09 03:17:19',24),(99,3,'2014-05-09','2014-05-09',1,NULL,'2014-05-09 03:19:45','2014-05-09 03:19:45',24),(100,3,'2014-05-13','2014-05-13',1,NULL,'2014-05-13 03:51:35','2014-05-13 03:51:35',28),(101,3,'2014-05-13','2014-05-13',1,NULL,'2014-05-13 03:53:14','2014-05-13 03:53:14',28),(102,3,'2014-05-13','2014-05-13',1,NULL,'2014-05-13 03:53:59','2014-05-13 03:53:59',28),(103,3,'2014-05-13','2014-05-13',1,NULL,'2014-05-13 03:54:55','2014-05-13 03:54:55',28),(104,3,'2014-05-14','2014-05-14',1,NULL,'2014-05-14 04:27:33','2014-05-14 04:27:33',14),(105,3,'2014-05-14','2014-05-14',1,NULL,'2014-05-14 04:29:48','2014-05-14 04:29:48',14),(106,3,'2014-05-14','2014-05-14',1,NULL,'2014-05-14 04:30:44','2014-05-14 04:30:44',14),(107,3,'2014-07-17','2014-07-17',1,NULL,'2014-07-17 02:39:15','2014-07-17 02:39:15',169),(108,3,'2014-07-17','2014-07-17',1,NULL,'2014-07-17 03:07:00','2014-07-17 03:07:00',169),(109,3,'2014-07-18','2014-07-18',1,NULL,'2014-07-18 03:19:28','2014-07-18 03:19:28',895),(110,3,'2014-07-18','2014-07-18',1,NULL,'2014-07-18 03:28:20','2014-07-18 03:28:20',1007),(111,3,'2014-07-20','2014-07-20',1,NULL,'2014-07-20 01:33:06','2014-07-20 01:33:06',765),(112,1,'2014-07-22','2014-07-22',1,NULL,'2014-07-22 02:25:12','2014-07-22 02:25:12',311),(113,1,'2014-07-23','2014-07-23',1,NULL,'2014-07-23 02:38:18','2014-07-23 02:38:18',920),(114,3,'2014-07-24','2014-07-24',1,NULL,'2014-07-24 00:12:18','2014-07-24 00:12:18',2716),(115,1,'2014-07-26','2014-07-26',1,NULL,'2014-07-26 03:17:24','2014-07-26 03:17:24',1438),(116,1,'2014-07-27','2014-07-27',1,NULL,'2014-07-27 03:21:05','2014-07-27 03:21:05',555),(117,1,'2014-08-15','2014-08-15',1,NULL,'2014-08-15 04:18:56','2014-08-15 04:18:56',400),(118,1,'2014-09-09','2014-09-09',1,NULL,'2014-09-09 04:38:34','2014-09-09 04:38:34',590);
/*!40000 ALTER TABLE `expeditions` ENABLE KEYS */;
UNLOCK TABLES;

--
-- Table structure for table `items`
--

DROP TABLE IF EXISTS `items`;
/*!40101 SET @saved_cs_client     = @@character_set_client */;
/*!40101 SET character_set_client = utf8 */;
CREATE TABLE `items` (
  `id` int(11) NOT NULL AUTO_INCREMENT,
  `name` varchar(255) COLLATE utf8_unicode_ci DEFAULT NULL,
  `full` varchar(255) COLLATE utf8_unicode_ci DEFAULT NULL,
  `art` varchar(255) COLLATE utf8_unicode_ci DEFAULT NULL,
  `box` int(11) DEFAULT NULL,
  `num` int(11) DEFAULT NULL,
  `created_at` datetime DEFAULT NULL,
  `updated_at` datetime DEFAULT NULL,
  `technic` int(11) DEFAULT NULL,
  PRIMARY KEY (`id`),
  KEY `index_items_on_art` (`art`),
  KEY `index_items_on_name` (`name`)
) ENGINE=InnoDB AUTO_INCREMENT=25 DEFAULT CHARSET=utf8 COLLATE=utf8_unicode_ci;
/*!40101 SET character_set_client = @saved_cs_client */;

--
-- Dumping data for table `items`
--

LOCK TABLES `items` WRITE;
/*!40000 ALTER TABLE `items` DISABLE KEYS */;
INSERT INTO `items` VALUES (1,'Большое с бордюром коричневое','Полотенце махровое коричневое 150-75 с бордюром','BRO-B-150-75',10,1,'2013-12-13 09:29:31','2014-07-18 14:33:27',NULL),(2,'Большое с бордюром белое','Полотенце махровое белое 150-75 с бордюром','WHI-B-150-75',10,1,'2013-12-13 09:31:44','2014-07-07 14:53:47',NULL),(3,'Среднее с бордюром белое','Полотенце махровое белое 100-50 с бордюром','WHI-B-100-50',15,1,'2013-12-13 09:33:13','2014-07-07 14:54:07',NULL),(4,'Большое синее','Полотенце махровое синее 150-75','BLU-N-150-75',10,1,'2014-04-22 08:18:15','2014-08-22 03:40:17',NULL),(6,'Среднее с бордюром коричневое','Полотенце махровое коричневое 100-50 с бордюром','BRO-B-100-50',15,1,'2014-07-06 10:42:58','2014-09-08 09:17:00',NULL),(7,'С принтом среднее красное','Полотенце махровое красное 100-75','RED-P-100-75',15,1,'2014-07-06 10:46:19','2014-07-07 15:25:28',NULL),(8,'Малое с бордюром коричневое','Полотенце махровое коричневое 75-50 с бордюром','BRO-B-75-50',20,1,'2014-07-07 15:02:43','2014-07-07 15:02:43',NULL),(9,'Салфетка коричневая','Салфетка махровая коричневая 30-30','BRO-N-30-30',100,1,'2014-07-07 15:04:55','2014-07-07 15:04:55',NULL),(10,'С принтом среднее коричневое','Полотенце махровое коричневое 100-75','BRO-P-100-50',15,1,'2014-07-07 15:07:42','2014-07-07 15:26:07',NULL),(11,'Малое с бордюром белое','Полотенце махровое белое 750х50 с бордюром','WHI-B-75-50',20,1,'2014-07-07 15:10:12','2014-07-07 15:10:12',NULL),(12,'Салфетка белая','Салфетка махровая белая 30-30','WHI-N-30-30',100,1,'2014-07-07 15:11:47','2014-07-07 15:11:47',NULL),(13,'Большое красное','Полотенце махровое красное 150-75','RED-N-150-75',10,1,'2014-07-07 15:13:34','2014-07-09 12:19:53',NULL),(15,'Среднее красное','Полотенце махровое красное 100-75','RED-N-100-75',15,1,'2014-07-07 15:18:57','2014-07-07 15:18:57',NULL),(16,'Малое красное','Полотенце махровое красное 75-50','RED-N-75-50',20,1,'2014-07-07 15:20:31','2014-07-07 15:20:31',NULL),(17,'Салфетка красная','Салфетка махровая красная 30-30','RED-N-30-30',100,1,'2014-07-07 15:21:54','2014-08-17 03:44:19',NULL),(18,'Малое синее','Полотенце махровое синее 75-50','BLU-N-75-50',20,1,'2014-07-07 15:23:32','2014-08-28 00:32:42',NULL),(19,'Салфетка синяя','Салфетка махровая синяя 30-30','BLU-N-30-30',100,1,'2014-07-07 15:24:34','2014-09-04 16:02:14',NULL),(20,'С принтом среднее синее','Полотенце махровое синее 100-75 с принтом','BLU-P-100-75',15,1,'2014-07-07 15:28:37','2014-08-15 16:48:50',NULL),(21,'Среднее синее','Полотенце махровое синее 100-75','BLU-N-100-75',20,1,'2014-07-08 11:07:27','2014-07-23 04:49:41',NULL),(22,'Вафельное малое белое','Полотенце вафельное белое 100-50','WHI-V-100-50',30,1,'2014-07-10 14:12:50','2014-07-10 14:12:50',NULL),(23,'Большое зеленое','Полотенце махровое зеленое 100-75','GRE-N-100-75',10,1,'2014-07-20 08:55:43','2014-07-20 08:55:43',NULL),(24,'Простыня махровая коричневая','Простыня махровая коричневая 175-175','BRO-B-175-175',2,1,'2014-08-21 10:36:12','2014-08-21 11:58:41',NULL);
/*!40000 ALTER TABLE `items` ENABLE KEYS */;
UNLOCK TABLES;

--
-- Table structure for table `loadups`
--

DROP TABLE IF EXISTS `loadups`;
/*!40101 SET @saved_cs_client     = @@character_set_client */;
/*!40101 SET character_set_client = utf8 */;
CREATE TABLE `loadups` (
  `id` int(11) NOT NULL AUTO_INCREMENT,
  `item_id` int(11) DEFAULT NULL,
  `user_id` int(11) DEFAULT NULL,
  `quantity` int(11) DEFAULT '0',
  `q_box` int(11) DEFAULT '0',
  `take_aboard` date DEFAULT NULL,
  `region` int(11) DEFAULT '1',
  `comment` varchar(255) COLLATE utf8_unicode_ci DEFAULT NULL,
  `created_at` datetime DEFAULT NULL,
  `updated_at` datetime DEFAULT NULL,
  `expedition_id` int(11) DEFAULT NULL,
  PRIMARY KEY (`id`),
  KEY `index_loadups_on_expedition_id` (`expedition_id`),
  KEY `index_loadups_on_item_id` (`item_id`),
  KEY `index_loadups_on_region` (`region`),
  KEY `index_loadups_on_take_aboard` (`take_aboard`),
  KEY `index_loadups_on_user_id` (`user_id`)
) ENGINE=InnoDB AUTO_INCREMENT=532 DEFAULT CHARSET=utf8 COLLATE=utf8_unicode_ci;
/*!40101 SET character_set_client = @saved_cs_client */;

--
-- Dumping data for table `loadups`
--

LOCK TABLES `loadups` WRITE;
/*!40000 ALTER TABLE `loadups` DISABLE KEYS */;
INSERT INTO `loadups` VALUES (63,1,NULL,0,10,'2013-12-18',1,NULL,'2013-12-17 12:35:57','2013-12-17 12:35:57',NULL),(64,2,NULL,0,10,'2013-12-18',1,NULL,'2013-12-17 12:35:57','2013-12-17 12:35:57',NULL),(65,3,NULL,0,15,'2013-12-18',1,NULL,'2013-12-17 12:35:57','2013-12-17 12:35:57',NULL),(66,1,NULL,0,10,'2013-12-19',1,NULL,'2013-12-18 05:44:06','2013-12-18 05:44:06',NULL),(67,2,NULL,0,10,'2013-12-19',1,NULL,'2013-12-18 05:44:06','2013-12-18 05:44:06',NULL),(68,3,NULL,0,15,'2013-12-19',1,NULL,'2013-12-18 05:44:06','2013-12-18 05:44:06',NULL),(75,1,NULL,0,10,'2013-12-20',1,NULL,'2013-12-19 10:16:49','2013-12-19 10:16:49',NULL),(76,2,NULL,0,10,'2013-12-20',1,NULL,'2013-12-19 10:16:49','2013-12-19 10:16:49',NULL),(77,3,NULL,0,15,'2013-12-20',1,NULL,'2013-12-19 10:16:49','2013-12-19 10:16:49',NULL),(78,1,NULL,0,10,'2013-12-25',1,NULL,'2013-12-24 07:31:41','2013-12-24 07:31:41',NULL),(79,2,NULL,0,10,'2013-12-25',1,NULL,'2013-12-24 07:31:42','2013-12-24 07:31:42',NULL),(80,3,NULL,0,15,'2013-12-25',1,NULL,'2013-12-24 07:31:42','2013-12-24 07:31:42',NULL),(81,0,NULL,0,0,'2013-12-26',1,NULL,'2013-12-25 06:58:36','2013-12-25 06:58:36',NULL),(82,1,NULL,0,10,'2013-12-26',1,NULL,'2013-12-25 07:23:40','2013-12-25 07:23:40',NULL),(83,2,NULL,0,10,'2013-12-26',1,NULL,'2013-12-25 07:23:40','2013-12-25 07:23:40',NULL),(84,3,NULL,0,15,'2013-12-26',1,NULL,'2013-12-25 07:23:40','2013-12-25 07:23:40',NULL),(85,1,NULL,0,10,'2013-12-27',1,NULL,'2013-12-26 07:17:48','2013-12-26 07:17:48',NULL),(86,2,NULL,0,10,'2013-12-27',1,NULL,'2013-12-26 07:17:48','2013-12-26 07:17:48',NULL),(87,3,NULL,0,15,'2013-12-27',1,NULL,'2013-12-26 07:17:48','2013-12-26 07:17:48',NULL),(88,1,NULL,0,10,'2013-12-28',1,NULL,'2013-12-27 06:26:47','2013-12-27 06:26:47',NULL),(89,2,NULL,0,10,'2013-12-28',1,NULL,'2013-12-27 06:26:47','2013-12-27 06:26:47',NULL),(90,3,NULL,0,15,'2013-12-28',1,NULL,'2013-12-27 06:26:48','2013-12-27 06:26:48',NULL),(91,1,NULL,0,10,'2014-01-14',1,NULL,'2014-01-13 06:13:33','2014-01-13 06:13:33',NULL),(92,2,NULL,0,10,'2014-01-14',1,NULL,'2014-01-13 06:13:33','2014-01-13 06:13:33',NULL),(93,3,NULL,0,15,'2014-01-14',1,NULL,'2014-01-13 06:13:33','2014-01-13 06:13:33',NULL),(94,1,NULL,0,10,'2014-04-23',1,NULL,'2014-04-22 08:26:14','2014-04-22 08:26:14',NULL),(95,2,NULL,0,10,'2014-04-23',1,NULL,'2014-04-22 08:26:15','2014-04-22 08:26:15',NULL),(96,3,NULL,0,15,'2014-04-23',1,NULL,'2014-04-22 08:26:15','2014-04-22 08:26:15',NULL),(97,4,NULL,0,10,'2014-04-23',1,NULL,'2014-04-22 08:26:15','2014-04-22 08:26:15',NULL),(98,1,NULL,0,10,'2014-04-24',1,NULL,'2014-04-23 11:58:07','2014-04-23 11:58:07',NULL),(99,2,NULL,0,10,'2014-04-24',1,NULL,'2014-04-23 11:58:08','2014-04-23 11:58:08',NULL),(100,3,NULL,0,15,'2014-04-24',1,NULL,'2014-04-23 11:58:08','2014-04-23 11:58:08',NULL),(101,4,NULL,0,10,'2014-04-24',1,NULL,'2014-04-23 11:58:08','2014-04-23 11:58:08',NULL),(102,1,NULL,0,10,'2014-04-25',1,NULL,'2014-04-24 07:28:16','2014-04-24 07:28:16',NULL),(103,2,NULL,0,10,'2014-04-25',1,NULL,'2014-04-24 07:28:16','2014-04-24 07:28:16',NULL),(104,3,NULL,0,15,'2014-04-25',1,NULL,'2014-04-24 07:28:17','2014-04-24 07:28:17',NULL),(105,4,NULL,0,10,'2014-04-25',1,NULL,'2014-04-24 07:28:17','2014-04-24 07:28:17',NULL),(106,1,3,2,10,'2014-04-28',1,NULL,'2014-04-27 07:23:36','2014-04-27 07:23:36',3),(107,2,3,2,10,'2014-04-28',1,NULL,'2014-04-27 07:23:36','2014-04-27 07:23:36',3),(108,4,3,110,10,'2014-04-28',1,NULL,'2014-04-27 07:23:36','2014-04-27 07:23:36',3),(109,1,3,2,10,'2014-04-28',1,NULL,'2014-04-27 10:42:00','2014-04-27 10:42:00',4),(110,2,3,2,10,'2014-04-28',1,NULL,'2014-04-27 10:42:00','2014-04-27 10:42:00',4),(111,4,3,110,10,'2014-04-28',1,NULL,'2014-04-27 10:42:00','2014-04-27 10:42:00',4),(112,1,3,2,10,'2014-04-28',1,NULL,'2014-04-27 10:49:41','2014-04-27 10:49:41',5),(113,2,3,2,10,'2014-04-28',1,NULL,'2014-04-27 10:49:41','2014-04-27 10:49:41',5),(114,4,3,110,10,'2014-04-28',1,NULL,'2014-04-27 10:49:41','2014-04-27 10:49:41',5),(115,1,3,2,10,'2014-04-28',1,NULL,'2014-04-27 11:27:07','2014-04-27 11:27:07',6),(116,2,3,2,10,'2014-04-28',1,NULL,'2014-04-27 11:27:07','2014-04-27 11:27:07',6),(117,4,3,110,10,'2014-04-28',1,NULL,'2014-04-27 11:27:07','2014-04-27 11:27:07',6),(118,1,3,2,10,'2014-04-28',1,NULL,'2014-04-27 11:30:59','2014-04-27 11:30:59',7),(119,2,3,2,10,'2014-04-28',1,NULL,'2014-04-27 11:30:59','2014-04-27 11:30:59',7),(120,4,3,110,10,'2014-04-28',1,NULL,'2014-04-27 11:30:59','2014-04-27 11:30:59',7),(121,1,3,2,10,'2014-04-28',1,NULL,'2014-04-27 11:32:15','2014-04-27 11:32:15',8),(122,2,3,2,10,'2014-04-28',1,NULL,'2014-04-27 11:32:15','2014-04-27 11:32:15',8),(123,4,3,110,10,'2014-04-28',1,NULL,'2014-04-27 11:32:15','2014-04-27 11:32:15',8),(124,1,3,2,10,'2014-04-28',1,NULL,'2014-04-27 11:33:38','2014-04-27 11:33:38',9),(125,2,3,2,10,'2014-04-28',1,NULL,'2014-04-27 11:33:38','2014-04-27 11:33:38',9),(126,4,3,110,10,'2014-04-28',1,NULL,'2014-04-27 11:33:38','2014-04-27 11:33:38',9),(127,1,3,2,10,'2014-04-28',1,NULL,'2014-04-27 11:47:58','2014-04-27 11:47:58',10),(128,2,3,2,10,'2014-04-28',1,NULL,'2014-04-27 11:47:58','2014-04-27 11:47:58',10),(129,4,3,110,10,'2014-04-28',1,NULL,'2014-04-27 11:47:58','2014-04-27 11:47:58',10),(130,1,3,2,10,'2014-04-28',1,NULL,'2014-04-27 11:50:29','2014-04-27 11:50:29',11),(131,2,3,2,10,'2014-04-28',1,NULL,'2014-04-27 11:50:29','2014-04-27 11:50:29',11),(132,4,3,110,10,'2014-04-28',1,NULL,'2014-04-27 11:50:29','2014-04-27 11:50:29',11),(133,1,3,8,10,'2014-04-28',1,NULL,'2014-04-27 11:57:45','2014-04-27 11:57:45',12),(134,4,3,4,10,'2014-04-28',1,NULL,'2014-04-27 11:57:45','2014-04-27 11:57:45',12),(135,1,3,8,10,'2014-04-28',1,NULL,'2014-04-27 11:59:40','2014-04-27 11:59:40',13),(136,4,3,4,10,'2014-04-28',1,NULL,'2014-04-27 11:59:40','2014-04-27 11:59:40',13),(137,1,3,8,10,'2014-04-28',1,NULL,'2014-04-27 12:15:03','2014-04-27 12:15:03',14),(138,4,3,4,10,'2014-04-28',1,NULL,'2014-04-27 12:15:03','2014-04-27 12:15:03',14),(139,1,3,8,10,'2014-04-28',1,NULL,'2014-04-27 12:21:20','2014-04-27 12:21:20',15),(140,4,3,4,10,'2014-04-28',1,NULL,'2014-04-27 12:21:20','2014-04-27 12:21:20',15),(141,1,3,8,10,'2014-04-28',1,NULL,'2014-04-27 12:29:55','2014-04-27 12:29:55',16),(142,4,3,4,10,'2014-04-28',1,NULL,'2014-04-27 12:29:55','2014-04-27 12:29:55',16),(143,1,3,6,10,'2014-04-29',1,NULL,'2014-04-28 05:44:59','2014-04-28 05:44:59',17),(144,3,3,2,15,'2014-04-29',1,NULL,'2014-04-28 05:44:59','2014-04-28 05:44:59',17),(145,4,3,6,10,'2014-04-29',1,NULL,'2014-04-28 05:44:59','2014-04-28 05:44:59',17),(146,1,3,6,10,'2014-04-29',1,NULL,'2014-04-28 05:47:35','2014-04-28 05:47:35',18),(147,3,3,2,15,'2014-04-29',1,NULL,'2014-04-28 05:47:35','2014-04-28 05:47:35',18),(148,4,3,6,10,'2014-04-29',1,NULL,'2014-04-28 05:47:35','2014-04-28 05:47:35',18),(149,1,3,6,10,'2014-04-29',1,NULL,'2014-04-28 05:54:28','2014-04-28 05:54:28',19),(150,3,3,2,15,'2014-04-29',1,NULL,'2014-04-28 05:54:28','2014-04-28 05:54:28',19),(151,4,3,6,10,'2014-04-29',1,NULL,'2014-04-28 05:54:28','2014-04-28 05:54:28',19),(152,1,3,6,10,'2014-04-29',1,NULL,'2014-04-28 05:54:41','2014-04-28 05:54:41',20),(153,3,3,2,15,'2014-04-29',1,NULL,'2014-04-28 05:54:41','2014-04-28 05:54:41',20),(154,4,3,6,10,'2014-04-29',1,NULL,'2014-04-28 05:54:41','2014-04-28 05:54:41',20),(155,1,3,6,10,'2014-04-29',1,NULL,'2014-04-28 05:55:36','2014-04-28 05:55:36',21),(156,3,3,2,15,'2014-04-29',1,NULL,'2014-04-28 05:55:36','2014-04-28 05:55:36',21),(157,4,3,6,10,'2014-04-29',1,NULL,'2014-04-28 05:55:36','2014-04-28 05:55:36',21),(158,1,3,6,10,'2014-04-29',1,NULL,'2014-04-28 06:05:33','2014-04-28 06:05:33',22),(159,3,3,2,15,'2014-04-29',1,NULL,'2014-04-28 06:05:33','2014-04-28 06:05:33',22),(160,4,3,6,10,'2014-04-29',1,NULL,'2014-04-28 06:05:33','2014-04-28 06:05:33',22),(161,1,3,6,10,'2014-04-29',1,NULL,'2014-04-28 06:12:13','2014-04-28 06:12:13',23),(162,3,3,2,15,'2014-04-29',1,NULL,'2014-04-28 06:12:13','2014-04-28 06:12:13',23),(163,4,3,6,10,'2014-04-29',1,NULL,'2014-04-28 06:12:13','2014-04-28 06:12:13',23),(164,1,3,1,10,'2014-04-29',1,NULL,'2014-04-28 06:28:58','2014-04-28 06:28:58',24),(165,4,3,1,10,'2014-04-29',1,NULL,'2014-04-28 06:28:58','2014-04-28 06:28:58',24),(166,1,3,9,10,'2014-04-29',1,NULL,'2014-04-28 06:36:01','2014-04-28 06:36:01',25),(167,3,3,2,15,'2014-04-29',1,NULL,'2014-04-28 06:36:01','2014-04-28 06:36:01',25),(168,4,3,9,10,'2014-04-29',1,NULL,'2014-04-28 06:36:01','2014-04-28 06:36:01',25),(169,1,3,9,10,'2014-04-29',1,NULL,'2014-04-28 06:37:37','2014-04-28 06:37:37',26),(170,3,3,2,15,'2014-04-29',1,NULL,'2014-04-28 06:37:37','2014-04-28 06:37:37',26),(171,4,3,9,10,'2014-04-29',1,NULL,'2014-04-28 06:37:37','2014-04-28 06:37:37',26),(172,1,3,2,10,'2014-04-29',1,NULL,'2014-04-28 07:05:29','2014-04-28 07:05:29',27),(173,3,3,2,15,'2014-04-29',1,NULL,'2014-04-28 07:05:29','2014-04-28 07:05:29',27),(174,4,3,2,10,'2014-04-29',1,NULL,'2014-04-28 07:05:29','2014-04-28 07:05:29',27),(175,1,3,2,10,'2014-04-29',1,NULL,'2014-04-28 07:13:39','2014-04-28 07:13:39',28),(176,3,3,2,15,'2014-04-29',1,NULL,'2014-04-28 07:13:39','2014-04-28 07:13:39',28),(177,4,3,2,10,'2014-04-29',1,NULL,'2014-04-28 07:13:39','2014-04-28 07:13:39',28),(178,1,3,2,10,'2014-04-29',1,NULL,'2014-04-28 07:14:45','2014-04-28 07:14:45',29),(179,3,3,2,15,'2014-04-29',1,NULL,'2014-04-28 07:14:45','2014-04-28 07:14:45',29),(180,4,3,2,10,'2014-04-29',1,NULL,'2014-04-28 07:14:45','2014-04-28 07:14:45',29),(181,1,3,10,10,'2014-04-29',1,NULL,'2014-04-28 07:20:08','2014-04-28 07:20:08',30),(182,3,3,4,15,'2014-04-29',1,NULL,'2014-04-28 07:20:08','2014-04-28 07:20:08',30),(183,4,3,10,10,'2014-04-29',1,NULL,'2014-04-28 07:20:08','2014-04-28 07:20:08',30),(184,1,3,6,10,'2014-04-29',1,NULL,'2014-04-28 07:29:13','2014-04-28 07:29:13',31),(185,3,3,6,15,'2014-04-29',1,NULL,'2014-04-28 07:29:13','2014-04-28 07:29:13',31),(186,4,3,6,10,'2014-04-29',1,NULL,'2014-04-28 07:29:13','2014-04-28 07:29:13',31),(187,1,3,2,10,'2014-04-29',1,NULL,'2014-04-28 07:48:28','2014-04-28 07:48:28',32),(188,3,3,2,15,'2014-04-29',1,NULL,'2014-04-28 07:48:28','2014-04-28 07:48:28',32),(189,4,3,2,10,'2014-04-29',1,NULL,'2014-04-28 07:48:28','2014-04-28 07:48:28',32),(190,1,3,6,10,'2014-04-29',1,NULL,'2014-04-28 08:07:57','2014-04-28 08:07:57',33),(191,3,3,6,15,'2014-04-29',1,NULL,'2014-04-28 08:07:57','2014-04-28 08:07:57',33),(192,4,3,6,10,'2014-04-29',1,NULL,'2014-04-28 08:07:57','2014-04-28 08:07:57',33),(193,1,3,3,10,'2014-04-29',1,NULL,'2014-04-28 08:30:16','2014-04-28 08:30:16',34),(194,3,3,2,15,'2014-04-29',1,NULL,'2014-04-28 08:30:16','2014-04-28 08:30:16',34),(195,4,3,3,10,'2014-04-29',1,NULL,'2014-04-28 08:30:16','2014-04-28 08:30:16',34),(196,1,3,5,10,'2014-04-29',1,NULL,'2014-04-28 08:42:01','2014-04-28 08:42:01',35),(197,4,3,25,10,'2014-04-29',1,NULL,'2014-04-28 08:42:01','2014-04-28 08:42:01',35),(198,1,3,1,10,'2014-04-29',1,NULL,'2014-04-28 11:33:17','2014-04-28 11:33:17',36),(199,4,3,11,10,'2014-04-29',1,NULL,'2014-04-28 11:33:17','2014-04-28 11:33:17',36),(200,1,3,1,10,'2014-04-29',1,NULL,'2014-04-28 11:44:29','2014-04-28 11:44:29',37),(201,4,3,1,10,'2014-04-29',1,NULL,'2014-04-28 11:44:29','2014-04-28 11:44:29',37),(202,1,3,55,10,'2014-04-29',1,NULL,'2014-04-28 11:53:57','2014-04-28 11:53:57',38),(203,4,3,11,10,'2014-04-29',1,NULL,'2014-04-28 11:58:09','2014-04-28 11:58:09',39),(204,4,3,11,10,'2014-04-29',1,NULL,'2014-04-28 12:16:20','2014-04-28 12:16:20',40),(205,1,3,55,10,'2014-04-29',1,NULL,'2014-04-28 12:18:25','2014-04-28 12:18:25',41),(206,4,3,22,10,'2014-04-29',1,NULL,'2014-04-28 12:18:25','2014-04-28 12:18:25',41),(207,1,3,58,10,'2014-04-29',1,NULL,'2014-04-29 04:45:10','2014-04-29 04:45:10',42),(208,2,3,63,10,'2014-04-29',1,NULL,'2014-04-29 04:45:10','2014-04-29 04:45:10',42),(209,3,3,62,15,'2014-04-29',1,NULL,'2014-04-29 04:45:10','2014-04-29 04:45:10',42),(210,4,3,200,10,'2014-04-29',1,NULL,'2014-04-29 04:45:10','2014-04-29 04:45:10',42),(211,1,3,1,10,'2014-04-30',1,NULL,'2014-04-29 08:23:47','2014-04-29 08:23:47',43),(212,4,3,11,10,'2014-04-30',1,NULL,'2014-04-29 08:23:47','2014-04-29 08:23:47',43),(213,1,3,7,10,'2014-04-30',1,NULL,'2014-04-29 11:46:39','2014-04-29 11:46:39',44),(214,2,3,7,10,'2014-04-30',1,NULL,'2014-04-29 11:46:39','2014-04-29 11:46:39',44),(215,1,3,7,10,'2014-04-30',1,NULL,'2014-04-29 11:48:28','2014-04-29 11:48:28',45),(216,2,3,7,10,'2014-04-30',1,NULL,'2014-04-29 11:48:28','2014-04-29 11:48:28',45),(217,1,3,8,10,'2014-04-30',1,NULL,'2014-04-29 12:04:47','2014-04-29 12:04:47',46),(218,2,3,7,10,'2014-04-30',1,NULL,'2014-04-29 12:04:47','2014-04-29 12:04:47',46),(219,1,3,65,10,'2014-04-30',1,NULL,'2014-04-30 04:30:22','2014-04-30 04:30:22',47),(220,2,3,7,10,'2014-04-30',1,NULL,'2014-04-30 04:30:22','2014-04-30 04:30:22',47),(221,4,3,23,10,'2014-04-30',1,NULL,'2014-04-30 04:30:22','2014-04-30 04:30:22',47),(222,1,3,8,10,'2014-05-01',1,NULL,'2014-05-01 04:16:45','2014-05-01 04:16:45',48),(223,2,3,7,10,'2014-05-01',1,NULL,'2014-05-01 04:16:45','2014-05-01 04:16:45',48),(224,4,3,11,10,'2014-05-01',1,NULL,'2014-05-01 04:16:45','2014-05-01 04:16:45',48),(225,1,3,7,10,'2014-05-05',1,NULL,'2014-05-05 04:00:43','2014-05-05 04:00:43',49),(226,2,3,7,10,'2014-05-05',1,NULL,'2014-05-05 04:00:43','2014-05-05 04:00:43',49),(227,4,3,11,10,'2014-05-05',1,NULL,'2014-05-05 04:00:43','2014-05-05 04:00:43',49),(228,1,3,1,10,'2014-05-05',1,NULL,'2014-05-05 02:43:37','2014-05-05 02:43:37',50),(229,4,3,11,10,'2014-05-05',1,NULL,'2014-05-05 02:43:37','2014-05-05 02:43:37',50),(230,1,3,1,10,'2014-05-05',1,NULL,'2014-05-05 02:47:13','2014-05-05 02:47:13',51),(231,4,3,11,10,'2014-05-05',1,NULL,'2014-05-05 02:47:13','2014-05-05 02:47:13',51),(232,1,3,1,10,'2014-05-05',1,NULL,'2014-05-05 02:47:29','2014-05-05 02:47:29',52),(233,4,3,11,10,'2014-05-05',1,NULL,'2014-05-05 02:47:29','2014-05-05 02:47:29',52),(234,1,3,1,10,'2014-05-05',1,NULL,'2014-05-05 02:48:06','2014-05-05 02:48:06',53),(235,4,3,11,10,'2014-05-05',1,NULL,'2014-05-05 02:48:06','2014-05-05 02:48:06',53),(236,1,3,1,10,'2014-05-05',1,NULL,'2014-05-05 02:51:23','2014-05-05 02:51:23',54),(237,4,3,11,10,'2014-05-05',1,NULL,'2014-05-05 02:51:23','2014-05-05 02:51:23',54),(238,1,3,7,10,'2014-05-06',1,NULL,'2014-05-06 03:09:39','2014-05-06 03:09:39',55),(239,2,3,7,10,'2014-05-06',1,NULL,'2014-05-06 03:09:39','2014-05-06 03:09:39',55),(240,4,3,11,10,'2014-05-06',1,NULL,'2014-05-06 03:09:39','2014-05-06 03:09:39',55),(241,1,3,7,10,'2014-05-06',1,NULL,'2014-05-06 03:12:14','2014-05-06 03:12:14',56),(242,2,3,7,10,'2014-05-06',1,NULL,'2014-05-06 03:12:14','2014-05-06 03:12:14',56),(243,4,3,11,10,'2014-05-06',1,NULL,'2014-05-06 03:12:14','2014-05-06 03:12:14',56),(244,1,3,7,10,'2014-05-06',1,NULL,'2014-05-06 03:12:24','2014-05-06 03:12:24',57),(245,2,3,7,10,'2014-05-06',1,NULL,'2014-05-06 03:12:24','2014-05-06 03:12:24',57),(246,4,3,11,10,'2014-05-06',1,NULL,'2014-05-06 03:12:24','2014-05-06 03:12:24',57),(247,1,3,7,10,'2014-05-06',1,NULL,'2014-05-06 03:31:01','2014-05-06 03:31:01',58),(248,2,3,7,10,'2014-05-06',1,NULL,'2014-05-06 03:31:01','2014-05-06 03:31:01',58),(249,4,3,11,10,'2014-05-06',1,NULL,'2014-05-06 03:31:01','2014-05-06 03:31:01',58),(250,1,3,7,10,'2014-05-06',1,NULL,'2014-05-06 03:42:26','2014-05-06 03:42:26',59),(251,2,3,7,10,'2014-05-06',1,NULL,'2014-05-06 03:42:26','2014-05-06 03:42:26',59),(252,4,3,11,10,'2014-05-06',1,NULL,'2014-05-06 03:42:26','2014-05-06 03:42:26',59),(253,1,3,58,10,'2014-05-06',1,NULL,'2014-05-06 03:31:45','2014-05-06 03:31:45',60),(254,2,3,3,10,'2014-05-06',1,NULL,'2014-05-06 03:31:45','2014-05-06 03:31:45',60),(255,3,3,3,15,'2014-05-06',1,NULL,'2014-05-06 03:31:45','2014-05-06 03:31:45',60),(256,4,3,59,10,'2014-05-06',1,NULL,'2014-05-06 03:31:45','2014-05-06 03:31:45',60),(257,1,3,58,10,'2014-05-06',1,NULL,'2014-05-06 03:49:27','2014-05-06 03:49:27',61),(258,2,3,3,10,'2014-05-06',1,NULL,'2014-05-06 03:49:27','2014-05-06 03:49:27',61),(259,3,3,3,15,'2014-05-06',1,NULL,'2014-05-06 03:49:27','2014-05-06 03:49:27',61),(260,4,3,59,10,'2014-05-06',1,NULL,'2014-05-06 03:49:27','2014-05-06 03:49:27',61),(261,1,3,58,10,'2014-05-06',1,NULL,'2014-05-06 04:21:12','2014-05-06 04:21:12',62),(262,2,3,3,10,'2014-05-06',1,NULL,'2014-05-06 04:21:12','2014-05-06 04:21:12',62),(263,3,3,3,15,'2014-05-06',1,NULL,'2014-05-06 04:21:12','2014-05-06 04:21:12',62),(264,4,3,59,10,'2014-05-06',1,NULL,'2014-05-06 04:21:12','2014-05-06 04:21:12',62),(265,1,3,58,10,'2014-05-07',1,NULL,'2014-05-07 03:19:54','2014-05-07 03:19:54',63),(266,2,3,3,10,'2014-05-07',1,NULL,'2014-05-07 03:19:54','2014-05-07 03:19:54',63),(267,3,3,3,15,'2014-05-07',1,NULL,'2014-05-07 03:19:54','2014-05-07 03:19:54',63),(268,4,3,59,10,'2014-05-07',1,NULL,'2014-05-07 03:19:54','2014-05-07 03:19:54',63),(269,1,3,55,10,'2014-05-07',1,NULL,'2014-05-07 03:33:57','2014-05-07 03:33:57',64),(270,4,3,1,10,'2014-05-07',1,NULL,'2014-05-07 03:33:57','2014-05-07 03:33:57',64),(271,1,3,58,10,'2014-05-07',1,NULL,'2014-05-07 03:55:09','2014-05-07 03:55:09',65),(272,2,3,3,10,'2014-05-07',1,NULL,'2014-05-07 03:55:09','2014-05-07 03:55:09',65),(273,3,3,3,15,'2014-05-07',1,NULL,'2014-05-07 03:55:09','2014-05-07 03:55:09',65),(274,4,3,58,10,'2014-05-07',1,NULL,'2014-05-07 03:55:09','2014-05-07 03:55:09',65),(275,1,3,55,10,'2014-05-07',1,NULL,'2014-05-07 04:02:04','2014-05-07 04:02:04',66),(276,4,3,55,10,'2014-05-07',1,NULL,'2014-05-07 04:02:04','2014-05-07 04:02:04',66),(277,1,3,3,10,'2014-05-07',1,NULL,'2014-05-07 04:03:46','2014-05-07 04:03:46',67),(278,2,3,3,10,'2014-05-07',1,NULL,'2014-05-07 04:03:46','2014-05-07 04:03:46',67),(279,3,3,3,15,'2014-05-07',1,NULL,'2014-05-07 04:03:46','2014-05-07 04:03:46',67),(280,4,3,3,10,'2014-05-07',1,NULL,'2014-05-07 04:03:46','2014-05-07 04:03:46',67),(281,1,3,55,10,'2014-05-07',1,NULL,'2014-05-07 04:24:05','2014-05-07 04:24:05',68),(282,4,3,55,10,'2014-05-07',1,NULL,'2014-05-07 04:24:05','2014-05-07 04:24:05',68),(283,4,3,1,10,'2014-05-07',1,NULL,'2014-05-07 04:28:01','2014-05-07 04:28:01',69),(284,1,3,55,10,'2014-05-07',1,NULL,'2014-05-07 04:29:40','2014-05-07 04:29:40',70),(285,4,3,55,10,'2014-05-07',1,NULL,'2014-05-07 04:29:40','2014-05-07 04:29:40',70),(286,1,3,55,10,'2014-05-07',1,NULL,'2014-05-07 04:34:45','2014-05-07 04:34:45',71),(287,4,3,55,10,'2014-05-07',1,NULL,'2014-05-07 04:34:45','2014-05-07 04:34:45',71),(288,1,3,55,10,'2014-05-07',1,NULL,'2014-05-07 04:36:28','2014-05-07 04:36:28',72),(289,4,3,55,10,'2014-05-07',1,NULL,'2014-05-07 04:36:28','2014-05-07 04:36:28',72),(290,1,3,55,10,'2014-05-07',1,NULL,'2014-05-07 04:41:04','2014-05-07 04:41:04',73),(291,4,3,55,10,'2014-05-07',1,NULL,'2014-05-07 04:41:04','2014-05-07 04:41:04',73),(292,1,3,55,10,'2014-05-07',1,NULL,'2014-05-07 03:08:46','2014-05-07 03:08:46',74),(293,4,3,55,10,'2014-05-07',1,NULL,'2014-05-07 03:08:46','2014-05-07 03:08:46',74),(294,1,3,55,10,'2014-05-07',1,NULL,'2014-05-07 03:13:10','2014-05-07 03:13:10',75),(295,4,3,55,10,'2014-05-07',1,NULL,'2014-05-07 03:13:10','2014-05-07 03:13:10',75),(296,1,3,55,10,'2014-05-07',1,NULL,'2014-05-07 03:13:29','2014-05-07 03:13:29',76),(297,4,3,55,10,'2014-05-07',1,NULL,'2014-05-07 03:13:29','2014-05-07 03:13:29',76),(298,1,3,55,10,'2014-05-07',1,NULL,'2014-05-07 03:16:35','2014-05-07 03:16:35',77),(299,4,3,55,10,'2014-05-07',1,NULL,'2014-05-07 03:16:35','2014-05-07 03:16:35',77),(300,4,3,1,10,'2014-05-07',1,NULL,'2014-05-07 03:18:29','2014-05-07 03:18:29',78),(301,4,3,1,10,'2014-05-07',1,NULL,'2014-05-07 03:22:43','2014-05-07 03:22:43',79),(302,4,3,1,10,'2014-05-07',1,NULL,'2014-05-07 03:25:02','2014-05-07 03:25:02',80),(303,4,3,1,10,'2014-05-07',1,NULL,'2014-05-07 03:29:01','2014-05-07 03:29:01',81),(304,4,3,1,10,'2014-05-07',1,NULL,'2014-05-07 03:45:02','2014-05-07 03:45:02',82),(305,4,3,1,10,'2014-05-07',1,NULL,'2014-05-07 03:48:26','2014-05-07 03:48:26',83),(306,4,3,1,10,'2014-05-07',1,NULL,'2014-05-07 04:15:43','2014-05-07 04:15:43',84),(307,4,3,1,10,'2014-05-07',1,NULL,'2014-05-07 04:20:41','2014-05-07 04:20:41',85),(308,1,3,55,10,'2014-05-07',1,NULL,'2014-05-07 03:18:18','2014-05-07 03:18:18',86),(309,4,3,55,10,'2014-05-07',1,NULL,'2014-05-07 03:18:18','2014-05-07 03:18:18',86),(310,1,3,55,10,'2014-05-07',1,NULL,'2014-05-07 03:19:48','2014-05-07 03:19:48',87),(311,4,3,55,10,'2014-05-07',1,NULL,'2014-05-07 03:19:48','2014-05-07 03:19:48',87),(312,1,3,55,10,'2014-05-07',1,NULL,'2014-05-07 03:21:32','2014-05-07 03:21:32',88),(313,4,3,55,10,'2014-05-07',1,NULL,'2014-05-07 03:21:32','2014-05-07 03:21:32',88),(314,1,3,55,10,'2014-05-07',1,NULL,'2014-05-07 03:38:48','2014-05-07 03:38:48',89),(315,4,3,55,10,'2014-05-07',1,NULL,'2014-05-07 03:38:48','2014-05-07 03:38:48',89),(316,1,3,61,10,'2014-05-07',1,NULL,'2014-05-07 03:37:42','2014-05-07 03:37:42',90),(317,2,3,6,10,'2014-05-07',1,NULL,'2014-05-07 03:37:42','2014-05-07 03:37:42',90),(318,3,3,6,15,'2014-05-07',1,NULL,'2014-05-07 03:37:42','2014-05-07 03:37:42',90),(319,4,3,62,10,'2014-05-07',1,NULL,'2014-05-07 03:37:42','2014-05-07 03:37:42',90),(320,1,3,57,10,'2014-05-08',1,NULL,'2014-05-08 03:15:57','2014-05-08 03:15:57',91),(321,4,3,1,10,'2014-05-08',1,NULL,'2014-05-08 03:15:57','2014-05-08 03:15:57',91),(322,1,3,6,10,'2014-05-07',1,NULL,'2014-05-07 03:45:13','2014-05-07 03:45:13',92),(323,2,3,6,10,'2014-05-07',1,NULL,'2014-05-07 03:45:13','2014-05-07 03:45:13',92),(324,3,3,6,15,'2014-05-07',1,NULL,'2014-05-07 03:45:13','2014-05-07 03:45:13',92),(325,4,3,7,10,'2014-05-07',1,NULL,'2014-05-07 03:45:13','2014-05-07 03:45:13',92),(326,1,3,6,10,'2014-05-06',1,NULL,'2014-05-06 04:33:29','2014-05-06 04:33:29',93),(327,2,3,6,10,'2014-05-06',1,NULL,'2014-05-06 04:33:29','2014-05-06 04:33:29',93),(328,3,3,6,15,'2014-05-06',1,NULL,'2014-05-06 04:33:29','2014-05-06 04:33:29',93),(329,4,3,6,10,'2014-05-06',1,NULL,'2014-05-06 04:33:29','2014-05-06 04:33:29',93),(330,1,3,61,10,'2014-05-07',1,NULL,'2014-05-07 04:46:47','2014-05-07 04:46:47',94),(331,2,3,6,10,'2014-05-07',1,NULL,'2014-05-07 04:46:47','2014-05-07 04:46:47',94),(332,3,3,6,15,'2014-05-07',1,NULL,'2014-05-07 04:46:47','2014-05-07 04:46:47',94),(333,4,3,6,10,'2014-05-07',1,NULL,'2014-05-07 04:46:47','2014-05-07 04:46:47',94),(334,1,3,15,10,'2014-05-07',1,NULL,'2014-05-07 03:07:18','2014-05-07 03:07:18',95),(335,2,3,30,10,'2014-05-07',1,NULL,'2014-05-07 03:07:18','2014-05-07 03:07:18',95),(336,3,3,30,15,'2014-05-07',1,NULL,'2014-05-07 03:07:18','2014-05-07 03:07:18',95),(337,4,3,15,10,'2014-05-07',1,NULL,'2014-05-07 03:07:18','2014-05-07 03:07:18',95),(338,1,3,15,10,'2014-05-08',1,NULL,'2014-05-08 03:43:25','2014-05-08 03:43:25',96),(339,2,3,30,10,'2014-05-08',1,NULL,'2014-05-08 03:43:25','2014-05-08 03:43:25',96),(340,3,3,30,15,'2014-05-08',1,NULL,'2014-05-08 03:43:25','2014-05-08 03:43:25',96),(341,4,3,15,10,'2014-05-08',1,NULL,'2014-05-08 03:43:25','2014-05-08 03:43:25',96),(342,1,3,6,10,'2014-05-09',1,NULL,'2014-05-09 03:13:04','2014-05-09 03:13:04',97),(343,2,3,6,10,'2014-05-09',1,NULL,'2014-05-09 03:13:04','2014-05-09 03:13:04',97),(344,3,3,6,15,'2014-05-09',1,NULL,'2014-05-09 03:13:04','2014-05-09 03:13:04',97),(345,4,3,6,10,'2014-05-09',1,NULL,'2014-05-09 03:13:04','2014-05-09 03:13:04',97),(346,1,3,6,10,'2014-05-09',1,NULL,'2014-05-09 03:17:19','2014-05-09 03:17:19',98),(347,2,3,6,10,'2014-05-09',1,NULL,'2014-05-09 03:17:19','2014-05-09 03:17:19',98),(348,3,3,6,15,'2014-05-09',1,NULL,'2014-05-09 03:17:19','2014-05-09 03:17:19',98),(349,4,3,6,10,'2014-05-09',1,NULL,'2014-05-09 03:17:19','2014-05-09 03:17:19',98),(350,1,3,6,10,'2014-05-09',1,NULL,'2014-05-09 03:19:45','2014-05-09 03:19:45',99),(351,2,3,6,10,'2014-05-09',1,NULL,'2014-05-09 03:19:45','2014-05-09 03:19:45',99),(352,3,3,6,15,'2014-05-09',1,NULL,'2014-05-09 03:19:45','2014-05-09 03:19:45',99),(353,4,3,6,10,'2014-05-09',1,NULL,'2014-05-09 03:19:45','2014-05-09 03:19:45',99),(354,1,3,4,10,'2014-05-13',1,NULL,'2014-05-13 03:51:35','2014-05-13 03:51:35',100),(355,2,3,6,10,'2014-05-13',1,NULL,'2014-05-13 03:51:35','2014-05-13 03:51:35',100),(356,3,3,8,15,'2014-05-13',1,NULL,'2014-05-13 03:51:35','2014-05-13 03:51:35',100),(357,4,3,10,10,'2014-05-13',1,NULL,'2014-05-13 03:51:35','2014-05-13 03:51:35',100),(358,1,3,4,10,'2014-05-13',1,NULL,'2014-05-13 03:53:14','2014-05-13 03:53:14',101),(359,2,3,6,10,'2014-05-13',1,NULL,'2014-05-13 03:53:14','2014-05-13 03:53:14',101),(360,3,3,8,15,'2014-05-13',1,NULL,'2014-05-13 03:53:14','2014-05-13 03:53:14',101),(361,4,3,10,10,'2014-05-13',1,NULL,'2014-05-13 03:53:14','2014-05-13 03:53:14',101),(362,1,3,4,10,'2014-05-13',1,NULL,'2014-05-13 03:53:59','2014-05-13 03:53:59',102),(363,2,3,6,10,'2014-05-13',1,NULL,'2014-05-13 03:53:59','2014-05-13 03:53:59',102),(364,3,3,8,15,'2014-05-13',1,NULL,'2014-05-13 03:53:59','2014-05-13 03:53:59',102),(365,4,3,10,10,'2014-05-13',1,NULL,'2014-05-13 03:53:59','2014-05-13 03:53:59',102),(366,1,3,4,10,'2014-05-13',1,NULL,'2014-05-13 03:54:55','2014-05-13 03:54:55',103),(367,2,3,6,10,'2014-05-13',1,NULL,'2014-05-13 03:54:55','2014-05-13 03:54:55',103),(368,3,3,8,15,'2014-05-13',1,NULL,'2014-05-13 03:54:55','2014-05-13 03:54:55',103),(369,4,3,10,10,'2014-05-13',1,NULL,'2014-05-13 03:54:55','2014-05-13 03:54:55',103),(370,1,3,2,10,'2014-05-14',1,NULL,'2014-05-14 04:27:33','2014-05-14 04:27:33',104),(371,2,3,3,10,'2014-05-14',1,NULL,'2014-05-14 04:27:33','2014-05-14 04:27:33',104),(372,3,3,4,15,'2014-05-14',1,NULL,'2014-05-14 04:27:33','2014-05-14 04:27:33',104),(373,4,3,5,10,'2014-05-14',1,NULL,'2014-05-14 04:27:33','2014-05-14 04:27:33',104),(374,1,3,2,10,'2014-05-14',1,NULL,'2014-05-14 04:29:48','2014-05-14 04:29:48',105),(375,2,3,3,10,'2014-05-14',1,NULL,'2014-05-14 04:29:48','2014-05-14 04:29:48',105),(376,3,3,4,15,'2014-05-14',1,NULL,'2014-05-14 04:29:48','2014-05-14 04:29:48',105),(377,4,3,5,10,'2014-05-14',1,NULL,'2014-05-14 04:29:48','2014-05-14 04:29:48',105),(378,1,3,2,10,'2014-05-14',1,NULL,'2014-05-14 04:30:44','2014-05-14 04:30:44',106),(379,2,3,3,10,'2014-05-14',1,NULL,'2014-05-14 04:30:44','2014-05-14 04:30:44',106),(380,3,3,4,15,'2014-05-14',1,NULL,'2014-05-14 04:30:44','2014-05-14 04:30:44',106),(381,4,3,5,10,'2014-05-14',1,NULL,'2014-05-14 04:30:44','2014-05-14 04:30:44',106),(382,1,3,14,10,'2014-07-17',1,NULL,'2014-07-17 02:39:15','2014-07-17 02:39:15',107),(383,2,3,74,10,'2014-07-17',1,NULL,'2014-07-17 02:39:15','2014-07-17 02:39:15',107),(384,4,3,18,10,'2014-07-17',1,NULL,'2014-07-17 02:39:15','2014-07-17 02:39:15',107),(385,13,3,54,10,'2014-07-17',1,NULL,'2014-07-17 02:39:15','2014-07-17 02:39:15',107),(386,22,3,9,30,'2014-07-17',1,NULL,'2014-07-17 02:39:15','2014-07-17 02:39:15',107),(387,1,3,14,10,'2014-07-17',1,NULL,'2014-07-17 03:07:00','2014-07-17 03:07:00',108),(388,2,3,74,10,'2014-07-17',1,NULL,'2014-07-17 03:07:00','2014-07-17 03:07:00',108),(389,4,3,18,10,'2014-07-17',1,NULL,'2014-07-17 03:07:00','2014-07-17 03:07:00',108),(390,13,3,54,10,'2014-07-17',1,NULL,'2014-07-17 03:07:00','2014-07-17 03:07:00',108),(391,22,3,9,30,'2014-07-17',1,NULL,'2014-07-17 03:07:00','2014-07-17 03:07:00',108),(392,1,3,81,10,'2014-07-18',1,NULL,'2014-07-18 03:19:28','2014-07-18 03:19:28',109),(393,2,3,76,10,'2014-07-18',1,NULL,'2014-07-18 03:19:28','2014-07-18 03:19:28',109),(394,4,3,682,10,'2014-07-18',1,NULL,'2014-07-18 03:19:28','2014-07-18 03:19:28',109),(395,8,3,13,20,'2014-07-18',1,NULL,'2014-07-18 03:19:28','2014-07-18 03:19:28',109),(396,9,3,7,100,'2014-07-18',1,NULL,'2014-07-18 03:19:28','2014-07-18 03:19:28',109),(397,13,3,16,10,'2014-07-18',1,NULL,'2014-07-18 03:19:28','2014-07-18 03:19:28',109),(398,16,3,13,20,'2014-07-18',1,NULL,'2014-07-18 03:19:28','2014-07-18 03:19:28',109),(399,18,3,7,20,'2014-07-18',1,NULL,'2014-07-18 03:19:28','2014-07-18 03:19:28',109),(400,1,3,190,10,'2014-07-18',1,NULL,'2014-07-18 03:28:20','2014-07-18 03:28:20',110),(401,2,3,274,10,'2014-07-18',1,NULL,'2014-07-18 03:28:20','2014-07-18 03:28:20',110),(402,3,3,89,15,'2014-07-18',1,NULL,'2014-07-18 03:28:20','2014-07-18 03:28:20',110),(403,4,3,122,10,'2014-07-18',1,NULL,'2014-07-18 03:28:20','2014-07-18 03:28:20',110),(404,6,3,6,15,'2014-07-18',1,NULL,'2014-07-18 03:28:20','2014-07-18 03:28:20',110),(405,7,3,6,15,'2014-07-18',1,NULL,'2014-07-18 03:28:20','2014-07-18 03:28:20',110),(406,9,3,3,100,'2014-07-18',1,NULL,'2014-07-18 03:28:20','2014-07-18 03:28:20',110),(407,11,3,54,20,'2014-07-18',1,NULL,'2014-07-18 03:28:20','2014-07-18 03:28:20',110),(408,12,3,27,100,'2014-07-18',1,NULL,'2014-07-18 03:28:20','2014-07-18 03:28:20',110),(409,13,3,173,10,'2014-07-18',1,NULL,'2014-07-18 03:28:20','2014-07-18 03:28:20',110),(410,15,3,3,15,'2014-07-18',1,NULL,'2014-07-18 03:28:20','2014-07-18 03:28:20',110),(411,16,3,54,20,'2014-07-18',1,NULL,'2014-07-18 03:28:20','2014-07-18 03:28:20',110),(412,17,3,3,100,'2014-07-18',1,NULL,'2014-07-18 03:28:20','2014-07-18 03:28:20',110),(413,19,3,3,100,'2014-07-18',1,NULL,'2014-07-18 03:28:20','2014-07-18 03:28:20',110),(414,1,3,5,10,'2014-07-20',1,NULL,'2014-07-20 01:33:06','2014-07-20 01:33:06',111),(415,2,3,111,10,'2014-07-20',1,NULL,'2014-07-20 01:33:06','2014-07-20 01:33:06',111),(416,3,3,26,15,'2014-07-20',1,NULL,'2014-07-20 01:33:06','2014-07-20 01:33:06',111),(417,4,3,111,10,'2014-07-20',1,NULL,'2014-07-20 01:33:06','2014-07-20 01:33:06',111),(418,6,3,26,15,'2014-07-20',1,NULL,'2014-07-20 01:33:06','2014-07-20 01:33:06',111),(419,7,3,26,15,'2014-07-20',1,NULL,'2014-07-20 01:33:06','2014-07-20 01:33:06',111),(420,8,3,26,20,'2014-07-20',1,NULL,'2014-07-20 01:33:06','2014-07-20 01:33:06',111),(421,9,3,49,100,'2014-07-20',1,NULL,'2014-07-20 01:33:06','2014-07-20 01:33:06',111),(422,10,3,26,15,'2014-07-20',1,NULL,'2014-07-20 01:33:06','2014-07-20 01:33:06',111),(423,11,3,26,20,'2014-07-20',1,NULL,'2014-07-20 01:33:06','2014-07-20 01:33:06',111),(424,12,3,26,100,'2014-07-20',1,NULL,'2014-07-20 01:33:06','2014-07-20 01:33:06',111),(425,13,3,31,10,'2014-07-20',1,NULL,'2014-07-20 01:33:06','2014-07-20 01:33:06',111),(426,15,3,26,15,'2014-07-20',1,NULL,'2014-07-20 01:33:06','2014-07-20 01:33:06',111),(427,16,3,26,20,'2014-07-20',1,NULL,'2014-07-20 01:33:06','2014-07-20 01:33:06',111),(428,17,3,49,100,'2014-07-20',1,NULL,'2014-07-20 01:33:06','2014-07-20 01:33:06',111),(429,18,3,49,20,'2014-07-20',1,NULL,'2014-07-20 01:33:06','2014-07-20 01:33:06',111),(430,19,3,49,100,'2014-07-20',1,NULL,'2014-07-20 01:33:06','2014-07-20 01:33:06',111),(431,20,3,26,15,'2014-07-20',1,NULL,'2014-07-20 01:33:06','2014-07-20 01:33:06',111),(432,21,3,25,20,'2014-07-20',1,NULL,'2014-07-20 01:33:06','2014-07-20 01:33:06',111),(433,22,3,26,30,'2014-07-20',1,NULL,'2014-07-20 01:33:06','2014-07-20 01:33:06',111),(434,1,1,66,10,'2014-07-22',1,NULL,'2014-07-22 02:25:12','2014-07-22 02:25:12',112),(435,2,1,11,10,'2014-07-22',1,NULL,'2014-07-22 02:25:12','2014-07-22 02:25:12',112),(436,3,1,5,15,'2014-07-22',1,NULL,'2014-07-22 02:25:12','2014-07-22 02:25:12',112),(437,4,1,19,10,'2014-07-22',1,NULL,'2014-07-22 02:25:12','2014-07-22 02:25:12',112),(438,6,1,5,15,'2014-07-22',1,NULL,'2014-07-22 02:25:12','2014-07-22 02:25:12',112),(439,7,1,27,15,'2014-07-22',1,NULL,'2014-07-22 02:25:12','2014-07-22 02:25:12',112),(440,8,1,27,20,'2014-07-22',1,NULL,'2014-07-22 02:25:12','2014-07-22 02:25:12',112),(441,9,1,5,100,'2014-07-22',1,NULL,'2014-07-22 02:25:12','2014-07-22 02:25:12',112),(442,10,1,25,15,'2014-07-22',1,NULL,'2014-07-22 02:25:12','2014-07-22 02:25:12',112),(443,11,1,19,20,'2014-07-22',1,NULL,'2014-07-22 02:25:12','2014-07-22 02:25:12',112),(444,12,1,5,100,'2014-07-22',1,NULL,'2014-07-22 02:25:12','2014-07-22 02:25:12',112),(445,13,1,9,10,'2014-07-22',1,NULL,'2014-07-22 02:25:12','2014-07-22 02:25:12',112),(446,15,1,5,15,'2014-07-22',1,NULL,'2014-07-22 02:25:12','2014-07-22 02:25:12',112),(447,16,1,23,20,'2014-07-22',1,NULL,'2014-07-22 02:25:12','2014-07-22 02:25:12',112),(448,17,1,5,100,'2014-07-22',1,NULL,'2014-07-22 02:25:12','2014-07-22 02:25:12',112),(449,18,1,23,20,'2014-07-22',1,NULL,'2014-07-22 02:25:12','2014-07-22 02:25:12',112),(450,19,1,5,100,'2014-07-22',1,NULL,'2014-07-22 02:25:12','2014-07-22 02:25:12',112),(451,20,1,5,15,'2014-07-22',1,NULL,'2014-07-22 02:25:12','2014-07-22 02:25:12',112),(452,21,1,5,20,'2014-07-22',1,NULL,'2014-07-22 02:25:12','2014-07-22 02:25:12',112),(453,22,1,15,30,'2014-07-22',1,NULL,'2014-07-22 02:25:12','2014-07-22 02:25:12',112),(454,23,1,2,10,'2014-07-22',1,NULL,'2014-07-22 02:25:12','2014-07-22 02:25:12',112),(455,2,1,223,10,'2014-07-23',1,NULL,'2014-07-23 02:38:18','2014-07-23 02:38:18',113),(456,3,1,20,15,'2014-07-23',1,NULL,'2014-07-23 02:38:18','2014-07-23 02:38:18',113),(457,4,1,224,10,'2014-07-23',1,NULL,'2014-07-23 02:38:18','2014-07-23 02:38:18',113),(458,6,1,20,15,'2014-07-23',1,NULL,'2014-07-23 02:38:18','2014-07-23 02:38:18',113),(459,7,1,31,15,'2014-07-23',1,NULL,'2014-07-23 02:38:18','2014-07-23 02:38:18',113),(460,8,1,28,20,'2014-07-23',1,NULL,'2014-07-23 02:38:18','2014-07-23 02:38:18',113),(461,9,1,20,100,'2014-07-23',1,NULL,'2014-07-23 02:38:18','2014-07-23 02:38:18',113),(462,10,1,30,15,'2014-07-23',1,NULL,'2014-07-23 02:38:18','2014-07-23 02:38:18',113),(463,11,1,27,20,'2014-07-23',1,NULL,'2014-07-23 02:38:18','2014-07-23 02:38:18',113),(464,12,1,20,100,'2014-07-23',1,NULL,'2014-07-23 02:38:18','2014-07-23 02:38:18',113),(465,13,1,27,10,'2014-07-23',1,NULL,'2014-07-23 02:38:18','2014-07-23 02:38:18',113),(466,15,1,20,15,'2014-07-23',1,NULL,'2014-07-23 02:38:18','2014-07-23 02:38:18',113),(467,16,1,26,20,'2014-07-23',1,NULL,'2014-07-23 02:38:18','2014-07-23 02:38:18',113),(468,17,1,20,100,'2014-07-23',1,NULL,'2014-07-23 02:38:18','2014-07-23 02:38:18',113),(469,18,1,29,20,'2014-07-23',1,NULL,'2014-07-23 02:38:18','2014-07-23 02:38:18',113),(470,19,1,20,100,'2014-07-23',1,NULL,'2014-07-23 02:38:18','2014-07-23 02:38:18',113),(471,20,1,20,15,'2014-07-23',1,NULL,'2014-07-23 02:38:18','2014-07-23 02:38:18',113),(472,21,1,20,20,'2014-07-23',1,NULL,'2014-07-23 02:38:18','2014-07-23 02:38:18',113),(473,22,1,25,30,'2014-07-23',1,NULL,'2014-07-23 02:38:18','2014-07-23 02:38:18',113),(474,23,1,70,10,'2014-07-23',1,NULL,'2014-07-23 02:38:18','2014-07-23 02:38:18',113),(475,2,3,704,10,'2014-07-24',1,NULL,'2014-07-24 00:12:18','2014-07-24 00:12:18',114),(476,3,3,64,15,'2014-07-24',1,NULL,'2014-07-24 00:12:18','2014-07-24 00:12:18',114),(477,4,3,704,10,'2014-07-24',1,NULL,'2014-07-24 00:12:18','2014-07-24 00:12:18',114),(478,6,3,64,15,'2014-07-24',1,NULL,'2014-07-24 00:12:18','2014-07-24 00:12:18',114),(479,7,3,64,15,'2014-07-24',1,NULL,'2014-07-24 00:12:18','2014-07-24 00:12:18',114),(480,8,3,64,20,'2014-07-24',1,NULL,'2014-07-24 00:12:18','2014-07-24 00:12:18',114),(481,9,3,64,100,'2014-07-24',1,NULL,'2014-07-24 00:12:18','2014-07-24 00:12:18',114),(482,10,3,64,15,'2014-07-24',1,NULL,'2014-07-24 00:12:18','2014-07-24 00:12:18',114),(483,11,3,64,20,'2014-07-24',1,NULL,'2014-07-24 00:12:18','2014-07-24 00:12:18',114),(484,12,3,64,100,'2014-07-24',1,NULL,'2014-07-24 00:12:18','2014-07-24 00:12:18',114),(485,13,3,64,10,'2014-07-24',1,NULL,'2014-07-24 00:12:18','2014-07-24 00:12:18',114),(486,15,3,64,15,'2014-07-24',1,NULL,'2014-07-24 00:12:18','2014-07-24 00:12:18',114),(487,16,3,64,20,'2014-07-24',1,NULL,'2014-07-24 00:12:18','2014-07-24 00:12:18',114),(488,17,3,64,100,'2014-07-24',1,NULL,'2014-07-24 00:12:18','2014-07-24 00:12:18',114),(489,18,3,64,20,'2014-07-24',1,NULL,'2014-07-24 00:12:18','2014-07-24 00:12:18',114),(490,19,3,64,100,'2014-07-24',1,NULL,'2014-07-24 00:12:18','2014-07-24 00:12:18',114),(491,20,3,64,15,'2014-07-24',1,NULL,'2014-07-24 00:12:18','2014-07-24 00:12:18',114),(492,21,3,64,20,'2014-07-24',1,NULL,'2014-07-24 00:12:18','2014-07-24 00:12:18',114),(493,22,3,64,30,'2014-07-24',1,NULL,'2014-07-24 00:12:18','2014-07-24 00:12:18',114),(494,23,3,220,10,'2014-07-24',1,NULL,'2014-07-24 00:12:18','2014-07-24 00:12:18',114),(495,2,1,50,10,'2014-07-26',1,NULL,'2014-07-26 03:17:24','2014-07-26 03:17:24',115),(496,4,1,1,10,'2014-07-26',1,NULL,'2014-07-26 03:17:24','2014-07-26 03:17:24',115),(497,7,1,1,15,'2014-07-26',1,NULL,'2014-07-26 03:17:24','2014-07-26 03:17:24',115),(498,8,1,1,20,'2014-07-26',1,NULL,'2014-07-26 03:17:24','2014-07-26 03:17:24',115),(499,10,1,1,15,'2014-07-26',1,NULL,'2014-07-26 03:17:24','2014-07-26 03:17:24',115),(500,11,1,1,20,'2014-07-26',1,NULL,'2014-07-26 03:17:24','2014-07-26 03:17:24',115),(501,13,1,200,10,'2014-07-26',1,NULL,'2014-07-26 03:17:24','2014-07-26 03:17:24',115),(502,16,1,1,20,'2014-07-26',1,NULL,'2014-07-26 03:17:24','2014-07-26 03:17:24',115),(503,18,1,1,20,'2014-07-26',1,NULL,'2014-07-26 03:17:24','2014-07-26 03:17:24',115),(504,20,1,1,15,'2014-07-26',1,NULL,'2014-07-26 03:17:24','2014-07-26 03:17:24',115),(505,22,1,1,30,'2014-07-26',1,NULL,'2014-07-26 03:17:24','2014-07-26 03:17:24',115),(506,23,1,1179,10,'2014-07-26',1,NULL,'2014-07-26 03:17:24','2014-07-26 03:17:24',115),(507,23,1,555,10,'2014-07-27',1,NULL,'2014-07-27 03:21:05','2014-07-27 03:21:05',116),(508,2,1,10,10,'2014-08-15',1,NULL,'2014-08-15 04:18:56','2014-08-15 04:18:56',117),(509,4,1,1,10,'2014-08-15',1,NULL,'2014-08-15 04:18:56','2014-08-15 04:18:56',117),(510,7,1,1,15,'2014-08-15',1,NULL,'2014-08-15 04:18:56','2014-08-15 04:18:56',117),(511,8,1,1,20,'2014-08-15',1,NULL,'2014-08-15 04:18:56','2014-08-15 04:18:56',117),(512,10,1,1,15,'2014-08-15',1,NULL,'2014-08-15 04:18:56','2014-08-15 04:18:56',117),(513,11,1,1,20,'2014-08-15',1,NULL,'2014-08-15 04:18:56','2014-08-15 04:18:56',117),(514,13,1,1,10,'2014-08-15',1,NULL,'2014-08-15 04:18:56','2014-08-15 04:18:56',117),(515,16,1,1,20,'2014-08-15',1,NULL,'2014-08-15 04:18:56','2014-08-15 04:18:56',117),(516,18,1,1,20,'2014-08-15',1,NULL,'2014-08-15 04:18:56','2014-08-15 04:18:56',117),(517,20,1,1,15,'2014-08-15',1,NULL,'2014-08-15 04:18:56','2014-08-15 04:18:56',117),(518,22,1,1,30,'2014-08-15',1,NULL,'2014-08-15 04:18:56','2014-08-15 04:18:56',117),(519,23,1,380,10,'2014-08-15',1,NULL,'2014-08-15 04:18:56','2014-08-15 04:18:56',117),(520,2,1,20,10,'2014-09-09',1,NULL,'2014-09-09 04:38:34','2014-09-09 04:38:34',118),(521,4,1,2,10,'2014-09-09',1,NULL,'2014-09-09 04:38:34','2014-09-09 04:38:34',118),(522,7,1,2,15,'2014-09-09',1,NULL,'2014-09-09 04:38:34','2014-09-09 04:38:34',118),(523,8,1,2,20,'2014-09-09',1,NULL,'2014-09-09 04:38:34','2014-09-09 04:38:34',118),(524,10,1,2,15,'2014-09-09',1,NULL,'2014-09-09 04:38:34','2014-09-09 04:38:34',118),(525,11,1,2,20,'2014-09-09',1,NULL,'2014-09-09 04:38:34','2014-09-09 04:38:34',118),(526,13,1,2,10,'2014-09-09',1,NULL,'2014-09-09 04:38:34','2014-09-09 04:38:34',118),(527,16,1,2,20,'2014-09-09',1,NULL,'2014-09-09 04:38:34','2014-09-09 04:38:34',118),(528,18,1,2,20,'2014-09-09',1,NULL,'2014-09-09 04:38:34','2014-09-09 04:38:34',118),(529,20,1,2,15,'2014-09-09',1,NULL,'2014-09-09 04:38:34','2014-09-09 04:38:34',118),(530,22,1,2,30,'2014-09-09',1,NULL,'2014-09-09 04:38:34','2014-09-09 04:38:34',118),(531,23,1,550,10,'2014-09-09',1,NULL,'2014-09-09 04:38:34','2014-09-09 04:38:34',118);
/*!40000 ALTER TABLE `loadups` ENABLE KEYS */;
UNLOCK TABLES;

--
-- Table structure for table `lots`
--

DROP TABLE IF EXISTS `lots`;
/*!40101 SET @saved_cs_client     = @@character_set_client */;
/*!40101 SET character_set_client = utf8 */;
CREATE TABLE `lots` (
  `id` int(11) NOT NULL AUTO_INCREMENT,
  `item_id` int(11) DEFAULT NULL,
  `order_id` int(11) DEFAULT NULL,
  `quantity` int(11) DEFAULT NULL,
  `created_at` datetime DEFAULT NULL,
  `updated_at` datetime DEFAULT NULL,
  PRIMARY KEY (`id`),
  KEY `index_lots_on_item_id` (`item_id`),
  KEY `index_lots_on_order_id` (`order_id`)
) ENGINE=InnoDB AUTO_INCREMENT=2607 DEFAULT CHARSET=utf8 COLLATE=utf8_unicode_ci;
/*!40101 SET character_set_client = @saved_cs_client */;

--
-- Dumping data for table `lots`
--

LOCK TABLES `lots` WRITE;
/*!40000 ALTER TABLE `lots` DISABLE KEYS */;
INSERT INTO `lots` VALUES (1,1,0,NULL,'2013-12-13 09:29:31','2014-07-18 14:33:18'),(2,2,NULL,NULL,'2013-12-13 09:31:44','2014-07-06 10:05:00'),(3,3,NULL,NULL,'2013-12-13 09:33:13','2014-07-06 10:04:58'),(4,1,1,2,'2013-12-13 09:41:20','2013-12-13 09:41:20'),(5,2,1,2,'2013-12-13 09:41:20','2013-12-13 09:41:20'),(6,3,1,2,'2013-12-13 09:41:20','2013-12-13 09:41:20'),(7,1,2,4,'2013-12-13 09:41:44','2013-12-13 09:41:44'),(8,2,2,4,'2013-12-13 09:41:44','2013-12-13 09:41:44'),(9,3,2,4,'2013-12-13 09:41:44','2013-12-13 09:41:44'),(10,1,3,1,'2013-12-16 13:56:27','2013-12-16 13:56:27'),(11,2,3,1,'2013-12-16 13:56:27','2013-12-16 13:56:27'),(12,3,3,1,'2013-12-16 13:56:27','2013-12-16 13:56:27'),(13,1,4,3,'2013-12-16 13:56:41','2013-12-16 13:56:41'),(14,2,4,3,'2013-12-16 13:56:41','2013-12-16 13:56:41'),(15,1,5,3,'2013-12-17 05:49:43','2013-12-17 05:49:43'),(16,2,5,3,'2013-12-17 05:49:43','2013-12-17 05:49:43'),(17,3,5,3,'2013-12-17 05:49:43','2013-12-17 05:49:43'),(18,2,6,4,'2013-12-17 05:50:07','2013-12-17 05:50:07'),(19,3,6,4,'2013-12-17 05:50:07','2013-12-17 05:50:07'),(20,1,7,5,'2013-12-18 05:42:46','2013-12-18 05:42:46'),(21,2,7,5,'2013-12-18 05:42:46','2013-12-18 05:42:46'),(22,3,7,5,'2013-12-18 05:42:46','2013-12-18 05:42:46'),(23,2,8,5,'2013-12-18 05:43:29','2013-12-18 05:43:29'),(24,3,8,5,'2013-12-18 05:43:29','2013-12-18 05:43:29'),(25,1,9,1,'2013-12-19 09:21:07','2013-12-19 09:21:07'),(26,2,9,1,'2013-12-19 09:21:07','2013-12-19 09:21:07'),(27,3,9,1,'2013-12-19 09:21:07','2013-12-19 09:21:07'),(28,1,10,1,'2013-12-24 07:23:08','2013-12-24 07:23:08'),(29,2,10,1,'2013-12-24 07:23:08','2013-12-24 07:23:08'),(30,3,10,1,'2013-12-24 07:23:08','2013-12-24 07:23:08'),(31,1,11,2,'2013-12-24 07:23:28','2013-12-24 07:23:28'),(32,2,11,2,'2013-12-24 07:23:28','2013-12-24 07:23:28'),(33,3,11,2,'2013-12-24 07:23:28','2013-12-24 07:23:28'),(34,1,12,1,'2013-12-25 06:56:26','2013-12-25 06:56:26'),(35,2,12,1,'2013-12-25 06:56:26','2013-12-25 06:56:26'),(36,3,12,1,'2013-12-25 06:56:26','2013-12-25 06:56:26'),(37,2,13,3,'2013-12-25 06:56:48','2013-12-25 06:56:48'),(38,3,13,3,'2013-12-25 06:56:48','2013-12-25 06:56:48'),(39,1,14,1,'2013-12-26 07:17:06','2013-12-26 07:17:06'),(40,2,14,1,'2013-12-26 07:17:06','2013-12-26 07:17:06'),(41,3,14,1,'2013-12-26 07:17:06','2013-12-26 07:17:06'),(42,2,15,2,'2013-12-26 07:17:21','2013-12-26 07:17:21'),(43,3,15,2,'2013-12-26 07:17:21','2013-12-26 07:17:21'),(44,1,16,5,'2013-12-27 06:26:11','2013-12-27 06:26:11'),(45,2,16,5,'2013-12-27 06:26:11','2013-12-27 06:26:11'),(46,3,16,5,'2013-12-27 06:26:11','2013-12-27 06:26:11'),(47,1,17,3,'2013-12-27 06:26:25','2013-12-27 06:26:25'),(48,2,17,3,'2013-12-27 06:26:25','2013-12-27 06:26:25'),(49,3,17,3,'2013-12-27 06:26:25','2013-12-27 06:26:25'),(50,1,18,1,'2014-01-13 06:10:04','2014-01-13 06:10:04'),(51,2,18,1,'2014-01-13 06:10:04','2014-01-13 06:10:04'),(52,3,18,1,'2014-01-13 06:10:04','2014-01-13 06:10:04'),(53,1,19,2,'2014-01-13 06:10:26','2014-01-13 06:10:26'),(54,2,19,2,'2014-01-13 06:10:26','2014-01-13 06:10:26'),(55,3,19,2,'2014-01-13 06:10:26','2014-01-13 06:10:26'),(56,4,NULL,NULL,'2014-04-22 08:18:15','2014-08-22 03:40:17'),(62,1,21,1,'2014-04-22 08:24:56','2014-04-22 08:24:56'),(63,2,21,2,'2014-04-22 08:24:56','2014-04-22 08:24:56'),(64,3,21,3,'2014-04-22 08:24:56','2014-04-22 08:24:56'),(65,4,21,4,'2014-04-22 08:24:56','2014-04-22 08:24:56'),(66,1,22,1,'2014-04-22 08:33:46','2014-04-22 08:33:46'),(67,2,22,1,'2014-04-22 08:33:46','2014-04-22 08:33:46'),(68,3,22,1,'2014-04-22 08:33:46','2014-04-22 08:33:46'),(69,4,22,1,'2014-04-22 08:33:46','2014-04-22 08:33:46'),(70,1,23,1,'2014-04-23 11:24:13','2014-04-23 11:24:13'),(71,2,23,1,'2014-04-23 11:24:13','2014-04-23 11:24:13'),(72,3,23,1,'2014-04-23 11:24:13','2014-04-23 11:24:13'),(73,4,23,1,'2014-04-23 11:24:13','2014-04-23 11:24:13'),(78,1,25,2,'2014-04-23 13:42:42','2014-04-23 13:42:42'),(79,2,25,2,'2014-04-23 13:42:42','2014-04-23 13:42:42'),(80,3,25,2,'2014-04-23 13:42:42','2014-04-23 13:42:42'),(81,4,25,2,'2014-04-23 13:42:42','2014-04-23 13:42:42'),(82,1,26,1,'2014-04-24 08:42:47','2014-04-24 08:42:47'),(83,2,26,1,'2014-04-24 08:42:47','2014-04-24 08:42:47'),(84,1,27,1,'2014-04-24 08:46:46','2014-04-24 08:46:46'),(85,2,27,1,'2014-04-24 08:46:46','2014-04-24 08:46:46'),(86,1,28,1,'2014-04-24 08:50:36','2014-04-24 08:50:36'),(87,2,28,2,'2014-04-24 08:50:36','2014-04-24 08:50:36'),(88,3,28,3,'2014-04-24 08:50:36','2014-04-24 08:50:36'),(89,4,28,4,'2014-04-24 08:50:36','2014-04-24 08:50:36'),(90,1,29,1,'2014-04-24 08:50:47','2014-04-24 08:50:47'),(91,4,30,55,'2014-04-24 08:51:04','2014-04-24 08:51:04'),(92,4,31,55,'2014-04-25 06:59:00','2014-04-25 06:59:00'),(93,1,32,1,'2014-04-25 06:59:11','2014-04-25 06:59:11'),(94,1,33,1,'2014-04-25 06:59:18','2014-04-25 06:59:18'),(95,2,33,2,'2014-04-25 06:59:18','2014-04-25 06:59:18'),(96,3,33,3,'2014-04-25 06:59:18','2014-04-25 06:59:18'),(97,4,33,4,'2014-04-25 06:59:18','2014-04-25 06:59:18'),(98,1,34,1,'2014-04-26 11:17:28','2014-04-26 11:17:28'),(99,2,34,2,'2014-04-26 11:17:28','2014-04-26 11:17:28'),(100,3,34,3,'2014-04-26 11:17:28','2014-04-26 11:17:28'),(101,4,34,4,'2014-04-26 11:17:28','2014-04-26 11:17:28'),(102,4,35,55,'2014-04-26 11:17:42','2014-04-26 11:17:42'),(103,4,36,55,'2014-04-27 05:05:54','2014-04-27 05:05:54'),(104,4,37,55,'2014-04-27 05:05:54','2014-04-27 05:05:54'),(109,1,39,1,'2014-04-27 05:06:12','2014-04-27 05:06:12'),(110,1,40,1,'2014-04-27 05:06:12','2014-04-27 05:06:12'),(111,2,41,2,'2014-04-27 06:20:17','2014-04-27 06:20:17'),(112,1,42,4,'2014-04-27 11:56:46','2014-04-27 11:56:46'),(113,4,42,4,'2014-04-27 11:56:46','2014-04-27 11:56:46'),(114,1,43,4,'2014-04-27 11:57:18','2014-04-27 11:57:18'),(115,1,44,1,'2014-04-28 05:43:27','2014-04-28 05:43:27'),(116,4,44,1,'2014-04-28 05:43:27','2014-04-28 05:43:27'),(117,1,45,2,'2014-04-28 05:43:47','2014-04-28 05:43:47'),(118,3,45,2,'2014-04-28 05:43:47','2014-04-28 05:43:47'),(119,4,45,2,'2014-04-28 05:43:47','2014-04-28 05:43:47'),(120,1,46,3,'2014-04-28 05:44:10','2014-04-28 05:44:10'),(121,4,46,3,'2014-04-28 05:44:10','2014-04-28 05:44:10'),(122,1,47,1,'2014-04-28 06:26:02','2014-04-28 06:26:02'),(123,4,47,1,'2014-04-28 06:26:02','2014-04-28 06:26:02'),(124,1,48,3,'2014-04-28 06:32:12','2014-04-28 06:32:12'),(125,4,48,3,'2014-04-28 06:32:12','2014-04-28 06:32:12'),(126,1,49,3,'2014-04-28 06:32:32','2014-04-28 06:32:32'),(127,4,49,3,'2014-04-28 06:32:32','2014-04-28 06:32:32'),(128,1,50,1,'2014-04-28 06:32:45','2014-04-28 06:32:45'),(129,4,50,1,'2014-04-28 06:32:45','2014-04-28 06:32:45'),(130,1,51,2,'2014-04-28 06:32:56','2014-04-28 06:32:56'),(131,3,51,2,'2014-04-28 06:32:56','2014-04-28 06:32:56'),(132,4,51,2,'2014-04-28 06:32:56','2014-04-28 06:32:56'),(133,1,52,2,'2014-04-28 07:05:07','2014-04-28 07:05:07'),(134,3,52,2,'2014-04-28 07:05:07','2014-04-28 07:05:07'),(135,4,52,2,'2014-04-28 07:05:07','2014-04-28 07:05:07'),(136,1,53,4,'2014-04-28 07:16:09','2014-04-28 07:16:09'),(137,3,53,4,'2014-04-28 07:16:09','2014-04-28 07:16:09'),(138,4,53,4,'2014-04-28 07:16:09','2014-04-28 07:16:09'),(139,1,54,3,'2014-04-28 07:17:50','2014-04-28 07:17:50'),(140,4,54,3,'2014-04-28 07:17:50','2014-04-28 07:17:50'),(141,1,55,3,'2014-04-28 07:17:57','2014-04-28 07:17:57'),(142,4,55,3,'2014-04-28 07:17:57','2014-04-28 07:17:57'),(143,1,56,4,'2014-04-28 07:28:54','2014-04-28 07:28:54'),(144,3,56,4,'2014-04-28 07:28:54','2014-04-28 07:28:54'),(145,4,56,4,'2014-04-28 07:28:54','2014-04-28 07:28:54'),(146,1,57,2,'2014-04-28 07:29:00','2014-04-28 07:29:00'),(147,3,57,2,'2014-04-28 07:29:00','2014-04-28 07:29:00'),(148,4,57,2,'2014-04-28 07:29:00','2014-04-28 07:29:00'),(149,1,58,2,'2014-04-28 07:48:09','2014-04-28 07:48:09'),(150,3,58,2,'2014-04-28 07:48:09','2014-04-28 07:48:09'),(151,4,58,2,'2014-04-28 07:48:09','2014-04-28 07:48:09'),(152,1,59,2,'2014-04-28 08:04:15','2014-04-28 08:04:15'),(153,3,59,2,'2014-04-28 08:04:15','2014-04-28 08:04:15'),(154,4,59,2,'2014-04-28 08:04:15','2014-04-28 08:04:15'),(155,1,60,4,'2014-04-28 08:06:58','2014-04-28 08:06:58'),(156,3,60,4,'2014-04-28 08:06:58','2014-04-28 08:06:58'),(157,4,60,4,'2014-04-28 08:06:58','2014-04-28 08:06:58'),(158,1,61,1,'2014-04-28 08:08:37','2014-04-28 08:08:37'),(159,4,61,1,'2014-04-28 08:08:37','2014-04-28 08:08:37'),(160,1,62,2,'2014-04-28 08:08:46','2014-04-28 08:08:46'),(161,3,62,2,'2014-04-28 08:08:46','2014-04-28 08:08:46'),(162,4,62,2,'2014-04-28 08:08:46','2014-04-28 08:08:46'),(163,1,63,3,'2014-04-28 08:37:05','2014-04-28 08:37:05'),(164,4,63,3,'2014-04-28 08:37:05','2014-04-28 08:37:05'),(165,1,64,1,'2014-04-28 08:37:17','2014-04-28 08:37:17'),(166,4,65,11,'2014-04-28 08:37:25','2014-04-28 08:37:25'),(167,1,66,1,'2014-04-28 08:37:45','2014-04-28 08:37:45'),(168,4,67,11,'2014-04-28 08:37:55','2014-04-28 08:37:55'),(169,1,68,1,'2014-04-28 11:30:14','2014-04-28 11:30:14'),(170,4,69,11,'2014-04-28 11:30:20','2014-04-28 11:30:20'),(171,1,70,1,'2014-04-28 11:43:46','2014-04-28 11:43:46'),(172,4,71,1,'2014-04-28 11:43:57','2014-04-28 11:43:57'),(173,1,72,2,'2014-04-28 11:44:08','2014-04-28 11:44:08'),(174,1,73,55,'2014-04-28 11:50:27','2014-04-28 11:50:27'),(175,4,74,11,'2014-04-28 11:57:59','2014-04-28 11:57:59'),(176,4,75,11,'2014-04-28 12:16:07','2014-04-28 12:16:07'),(177,4,76,11,'2014-04-28 12:17:52','2014-04-28 12:17:52'),(178,4,77,11,'2014-04-28 12:17:58','2014-04-28 12:17:58'),(179,1,78,55,'2014-04-28 12:18:15','2014-04-28 12:18:15'),(180,4,79,11,'2014-04-29 04:39:47','2014-04-29 04:39:47'),(181,1,80,1,'2014-04-29 04:39:58','2014-04-29 04:39:58'),(182,1,81,1,'2014-04-29 07:01:30','2014-04-29 07:01:30'),(183,4,82,11,'2014-04-29 07:01:43','2014-04-29 07:01:43'),(184,1,83,7,'2014-04-29 08:45:47','2014-04-29 08:45:47'),(185,2,83,7,'2014-04-29 08:45:47','2014-04-29 08:45:47'),(186,1,84,1,'2014-04-29 11:56:33','2014-04-29 11:56:33'),(187,1,85,7,'2014-04-29 11:56:42','2014-04-29 11:56:42'),(188,2,85,7,'2014-04-29 11:56:42','2014-04-29 11:56:42'),(189,1,86,7,'2014-04-29 12:14:20','2014-04-29 12:14:20'),(190,2,86,7,'2014-04-29 12:14:20','2014-04-29 12:14:20'),(191,4,87,11,'2014-04-29 12:14:29','2014-04-29 12:14:29'),(192,1,88,55,'2014-04-29 12:50:11','2014-04-29 12:50:11'),(193,1,89,2,'2014-04-29 12:50:21','2014-04-29 12:50:21'),(194,4,90,1,'2014-04-29 12:50:27','2014-04-29 12:50:27'),(195,4,91,11,'2014-04-29 12:50:41','2014-04-29 12:50:41'),(196,1,92,1,'2014-04-29 12:50:48','2014-04-29 12:50:48'),(197,1,93,1,'2014-04-30 04:43:22','2014-04-30 04:43:22'),(198,4,94,11,'2014-04-30 04:43:30','2014-04-30 04:43:30'),(199,1,95,7,'2014-04-30 04:43:38','2014-04-30 04:43:38'),(200,2,95,7,'2014-04-30 04:43:38','2014-04-30 04:43:38'),(201,1,96,55,'2014-05-01 04:46:32','2014-05-01 04:46:32'),(202,1,97,7,'2014-05-04 11:49:43','2014-05-04 11:49:43'),(203,2,97,7,'2014-05-04 11:49:43','2014-05-04 11:49:43'),(204,4,98,11,'2014-05-04 11:49:52','2014-05-04 11:49:52'),(205,1,99,1,'2014-05-04 02:42:59','2014-05-04 02:42:59'),(206,4,100,11,'2014-05-04 02:43:08','2014-05-04 02:43:08'),(207,4,101,11,'2014-05-04 02:45:39','2014-05-04 02:45:39'),(208,1,102,1,'2014-05-04 02:45:47','2014-05-04 02:45:47'),(209,1,103,1,'2014-05-04 02:50:49','2014-05-04 02:50:49'),(210,4,104,11,'2014-05-04 02:50:58','2014-05-04 02:50:58'),(211,4,105,11,'2014-05-05 05:08:36','2014-05-05 05:08:36'),(212,1,106,7,'2014-05-05 05:08:43','2014-05-05 05:08:43'),(213,2,106,7,'2014-05-05 05:08:43','2014-05-05 05:08:43'),(214,1,107,7,'2014-05-05 03:30:09','2014-05-05 03:30:09'),(215,2,107,7,'2014-05-05 03:30:09','2014-05-05 03:30:09'),(216,4,108,11,'2014-05-05 03:30:16','2014-05-05 03:30:16'),(217,4,109,11,'2014-05-05 03:42:01','2014-05-05 03:42:01'),(218,1,110,7,'2014-05-05 03:42:07','2014-05-05 03:42:07'),(219,2,110,7,'2014-05-05 03:42:07','2014-05-05 03:42:07'),(220,1,111,3,'2014-05-05 08:30:01','2014-05-05 08:30:01'),(221,2,111,3,'2014-05-05 08:30:01','2014-05-05 08:30:01'),(222,3,111,3,'2014-05-05 08:30:01','2014-05-05 08:30:01'),(223,4,111,3,'2014-05-05 08:30:01','2014-05-05 08:30:01'),(224,1,112,55,'2014-05-05 08:30:14','2014-05-05 08:30:14'),(225,4,112,55,'2014-05-05 08:30:14','2014-05-05 08:30:14'),(226,4,113,1,'2014-05-05 08:30:26','2014-05-05 08:30:26'),(227,4,114,1,'2014-05-05 03:48:38','2014-05-05 03:48:38'),(228,1,115,55,'2014-05-05 03:48:43','2014-05-05 03:48:43'),(229,4,115,55,'2014-05-05 03:48:43','2014-05-05 03:48:43'),(230,1,116,3,'2014-05-05 03:48:49','2014-05-05 03:48:49'),(231,2,116,3,'2014-05-05 03:48:49','2014-05-05 03:48:49'),(232,3,116,3,'2014-05-05 03:48:49','2014-05-05 03:48:49'),(233,4,116,3,'2014-05-05 03:48:49','2014-05-05 03:48:49'),(234,1,117,3,'2014-05-05 04:20:44','2014-05-05 04:20:44'),(235,2,117,3,'2014-05-05 04:20:44','2014-05-05 04:20:44'),(236,3,117,3,'2014-05-05 04:20:44','2014-05-05 04:20:44'),(237,4,117,3,'2014-05-05 04:20:44','2014-05-05 04:20:44'),(238,1,118,55,'2014-05-05 04:20:50','2014-05-05 04:20:50'),(239,4,118,55,'2014-05-05 04:20:50','2014-05-05 04:20:50'),(240,4,119,1,'2014-05-05 04:20:56','2014-05-05 04:20:56'),(241,1,120,3,'2014-05-06 05:19:03','2014-05-06 05:19:03'),(242,2,120,3,'2014-05-06 05:19:03','2014-05-06 05:19:03'),(243,3,120,3,'2014-05-06 05:19:03','2014-05-06 05:19:03'),(244,4,120,3,'2014-05-06 05:19:03','2014-05-06 05:19:03'),(245,1,121,55,'2014-05-06 05:19:08','2014-05-06 05:19:08'),(246,4,121,55,'2014-05-06 05:19:08','2014-05-06 05:19:08'),(247,4,122,1,'2014-05-06 05:19:21','2014-05-06 05:19:21'),(248,1,123,55,'2014-05-06 03:33:22','2014-05-06 03:33:22'),(249,4,124,1,'2014-05-06 03:33:27','2014-05-06 03:33:27'),(250,1,125,55,'2014-05-06 03:54:47','2014-05-06 03:54:47'),(251,4,125,55,'2014-05-06 03:54:47','2014-05-06 03:54:47'),(252,1,126,3,'2014-05-06 03:54:53','2014-05-06 03:54:53'),(253,2,126,3,'2014-05-06 03:54:53','2014-05-06 03:54:53'),(254,3,126,3,'2014-05-06 03:54:53','2014-05-06 03:54:53'),(255,4,126,3,'2014-05-06 03:54:53','2014-05-06 03:54:53'),(256,1,127,55,'2014-05-06 04:01:42','2014-05-06 04:01:42'),(257,4,127,55,'2014-05-06 04:01:42','2014-05-06 04:01:42'),(258,1,128,3,'2014-05-06 04:03:23','2014-05-06 04:03:23'),(259,2,128,3,'2014-05-06 04:03:23','2014-05-06 04:03:23'),(260,3,128,3,'2014-05-06 04:03:23','2014-05-06 04:03:23'),(261,4,128,3,'2014-05-06 04:03:23','2014-05-06 04:03:23'),(262,1,129,55,'2014-05-06 04:23:50','2014-05-06 04:23:50'),(263,4,129,55,'2014-05-06 04:23:50','2014-05-06 04:23:50'),(264,4,130,1,'2014-05-06 04:27:47','2014-05-06 04:27:47'),(265,1,131,55,'2014-05-06 04:29:26','2014-05-06 04:29:26'),(266,4,131,55,'2014-05-06 04:29:26','2014-05-06 04:29:26'),(267,1,132,55,'2014-05-06 04:34:34','2014-05-06 04:34:34'),(268,4,132,55,'2014-05-06 04:34:34','2014-05-06 04:34:34'),(269,1,133,55,'2014-05-06 04:36:15','2014-05-06 04:36:15'),(270,4,133,55,'2014-05-06 04:36:15','2014-05-06 04:36:15'),(271,1,134,55,'2014-05-06 03:08:28','2014-05-06 03:08:28'),(272,4,134,55,'2014-05-06 03:08:28','2014-05-06 03:08:28'),(273,1,135,55,'2014-05-06 03:16:15','2014-05-06 03:16:15'),(274,4,135,55,'2014-05-06 03:16:15','2014-05-06 03:16:15'),(275,4,136,1,'2014-05-06 03:18:14','2014-05-06 03:18:14'),(276,4,137,1,'2014-05-06 03:22:06','2014-05-06 03:22:06'),(277,4,138,1,'2014-05-06 03:24:29','2014-05-06 03:24:29'),(278,4,139,1,'2014-05-06 03:28:47','2014-05-06 03:28:47'),(279,4,140,1,'2014-05-06 03:44:49','2014-05-06 03:44:49'),(280,4,141,1,'2014-05-06 03:47:51','2014-05-06 03:47:51'),(281,4,142,1,'2014-05-06 04:15:27','2014-05-06 04:15:27'),(282,4,143,1,'2014-05-06 04:20:29','2014-05-06 04:20:29'),(283,1,144,6,'2014-05-05 17:15:09','2014-05-05 17:15:09'),(284,2,144,6,'2014-05-05 17:15:09','2014-05-05 17:15:09'),(285,3,144,6,'2014-05-05 17:15:09','2014-05-05 17:15:09'),(286,4,144,6,'2014-05-05 17:15:09','2014-05-05 17:15:09'),(287,1,145,55,'2014-05-06 03:17:53','2014-05-06 03:17:53'),(288,4,145,55,'2014-05-06 03:17:53','2014-05-06 03:17:53'),(289,1,146,55,'2014-05-06 05:36:17','2014-05-06 05:36:17'),(290,4,146,55,'2014-05-06 05:36:17','2014-05-06 05:36:17'),(291,1,147,6,'2014-05-06 05:36:23','2014-05-06 05:36:23'),(292,2,147,6,'2014-05-06 05:36:23','2014-05-06 05:36:23'),(293,3,147,6,'2014-05-06 05:36:23','2014-05-06 05:36:23'),(294,4,147,6,'2014-05-06 05:36:23','2014-05-06 05:36:23'),(295,4,148,1,'2014-05-06 05:36:28','2014-05-06 05:36:28'),(296,1,149,55,'2014-05-07 06:15:24','2014-05-07 06:15:24'),(297,4,150,1,'2014-05-07 06:15:30','2014-05-07 06:15:30'),(298,1,151,2,'2014-05-07 06:15:37','2014-05-07 06:15:37'),(299,4,152,1,'2014-05-06 03:44:55','2014-05-06 03:44:55'),(300,1,153,6,'2014-05-06 03:44:59','2014-05-06 03:44:59'),(301,2,153,6,'2014-05-06 03:44:59','2014-05-06 03:44:59'),(302,3,153,6,'2014-05-06 03:44:59','2014-05-06 03:44:59'),(303,4,153,6,'2014-05-06 03:44:59','2014-05-06 03:44:59'),(304,1,154,55,'2014-05-06 04:33:16','2014-05-06 04:33:16'),(305,1,155,6,'2014-05-06 04:46:23','2014-05-06 04:46:23'),(306,2,155,6,'2014-05-06 04:46:23','2014-05-06 04:46:23'),(307,3,155,6,'2014-05-06 04:46:23','2014-05-06 04:46:23'),(308,4,155,6,'2014-05-06 04:46:23','2014-05-06 04:46:23'),(309,1,156,10,'2014-05-06 09:58:20','2014-05-06 09:58:20'),(310,2,156,25,'2014-05-06 09:58:20','2014-05-06 09:58:20'),(311,3,156,25,'2014-05-06 09:58:20','2014-05-06 09:58:20'),(312,4,156,10,'2014-05-06 09:58:20','2014-05-06 09:58:20'),(314,1,158,5,'2014-05-06 09:59:10','2014-05-06 09:59:10'),(315,2,158,5,'2014-05-06 09:59:10','2014-05-06 09:59:10'),(316,3,158,5,'2014-05-06 09:59:10','2014-05-06 09:59:10'),(317,4,158,5,'2014-05-06 09:59:10','2014-05-06 09:59:10'),(318,1,159,5,'2014-05-07 08:06:45','2014-05-07 08:06:45'),(319,2,159,5,'2014-05-07 08:06:45','2014-05-07 08:06:45'),(320,3,159,5,'2014-05-07 08:06:45','2014-05-07 08:06:45'),(321,4,159,5,'2014-05-07 08:06:45','2014-05-07 08:06:45'),(322,1,160,10,'2014-05-07 08:09:20','2014-05-07 08:09:20'),(323,2,160,25,'2014-05-07 08:09:20','2014-05-07 08:09:20'),(324,3,160,25,'2014-05-07 08:09:20','2014-05-07 08:09:20'),(325,4,160,10,'2014-05-07 08:09:20','2014-05-07 08:09:20'),(326,1,161,2,'2014-05-08 09:16:03','2014-05-08 09:16:03'),(327,2,161,3,'2014-05-08 09:16:03','2014-05-08 09:16:03'),(328,3,161,4,'2014-05-08 09:16:03','2014-05-08 09:16:03'),(329,4,161,5,'2014-05-08 09:16:03','2014-05-08 09:16:03'),(330,1,162,4,'2014-05-08 09:17:25','2014-05-08 09:17:25'),(331,2,162,3,'2014-05-08 09:17:25','2014-05-08 09:17:25'),(332,3,162,2,'2014-05-08 09:17:25','2014-05-08 09:17:25'),(333,4,162,1,'2014-05-08 09:17:25','2014-05-08 09:17:25'),(338,1,164,2,'2014-05-12 07:33:21','2014-05-12 07:33:21'),(339,2,164,3,'2014-05-12 07:33:21','2014-05-12 07:33:21'),(340,3,164,4,'2014-05-12 07:33:21','2014-05-12 07:33:21'),(341,4,164,5,'2014-05-12 07:33:21','2014-05-12 07:33:21'),(342,1,165,2,'2014-05-12 07:33:34','2014-05-12 07:33:34'),(343,2,165,3,'2014-05-12 07:33:34','2014-05-12 07:33:34'),(344,3,165,4,'2014-05-12 07:33:34','2014-05-12 07:33:34'),(345,4,165,5,'2014-05-12 07:33:34','2014-05-12 07:33:34'),(346,1,166,2,'2014-05-13 04:26:38','2014-05-13 04:26:38'),(347,2,166,3,'2014-05-13 04:26:38','2014-05-13 04:26:38'),(348,3,166,4,'2014-05-13 04:26:38','2014-05-13 04:26:38'),(349,4,166,5,'2014-05-13 04:26:38','2014-05-13 04:26:38'),(350,1,167,0,'2014-06-17 09:05:15','2014-06-17 09:05:15'),(351,2,167,0,'2014-06-17 09:05:15','2014-06-17 09:05:15'),(352,3,167,5,'2014-06-17 09:05:15','2014-06-17 09:05:15'),(353,1,168,1,'2014-06-30 14:38:44','2014-06-30 14:38:44'),(354,2,168,1,'2014-06-30 14:38:44','2014-06-30 14:38:44'),(355,3,168,1,'2014-06-30 14:38:44','2014-06-30 14:38:44'),(356,4,168,1,'2014-06-30 14:38:44','2014-06-30 14:38:44'),(357,1,169,1,'2014-06-30 15:24:18','2014-06-30 15:24:18'),(358,2,169,1,'2014-06-30 15:24:18','2014-06-30 15:24:18'),(359,3,169,1,'2014-06-30 15:24:18','2014-06-30 15:24:18'),(360,NULL,169,0,'2014-06-30 15:24:18','2014-06-30 15:24:18'),(361,1,170,1,'2014-06-30 15:44:02','2014-06-30 15:44:02'),(362,2,170,1,'2014-06-30 15:44:02','2014-06-30 15:44:02'),(363,3,170,1,'2014-06-30 15:44:02','2014-06-30 15:44:02'),(364,NULL,170,0,'2014-06-30 15:44:02','2014-06-30 15:44:02'),(365,1,171,10,'2014-07-01 07:49:05','2014-07-01 07:49:05'),(366,3,171,25,'2014-07-01 07:49:05','2014-07-01 07:49:05'),(367,4,171,10,'2014-07-01 07:49:05','2014-07-01 07:49:05'),(368,1,172,10,'2014-07-01 11:07:03','2014-07-01 11:07:03'),(369,3,172,25,'2014-07-01 11:07:03','2014-07-01 11:07:03'),(370,4,172,10,'2014-07-01 11:07:03','2014-07-01 11:07:03'),(371,1,173,10,'2014-07-01 11:08:03','2014-07-01 11:08:03'),(372,3,173,25,'2014-07-01 11:08:03','2014-07-01 11:08:03'),(373,4,173,10,'2014-07-01 11:08:03','2014-07-01 11:08:03'),(374,1,174,11,'2014-07-01 18:02:40','2014-07-01 18:02:40'),(375,4,174,6,'2014-07-01 18:02:40','2014-07-01 18:02:40'),(376,1,175,4,'2014-07-06 09:28:07','2014-07-06 09:28:07'),(377,4,175,3,'2014-07-06 09:28:07','2014-07-06 09:28:07'),(378,1,176,5,'2014-07-06 09:28:31','2014-07-06 09:28:31'),(379,4,176,5,'2014-07-06 09:28:31','2014-07-06 09:28:31'),(380,6,NULL,NULL,'2014-07-06 10:42:58','2014-09-08 09:17:00'),(381,7,NULL,NULL,'2014-07-06 10:46:19','2014-07-06 16:25:01'),(382,1,177,2,'2014-07-07 14:34:02','2014-07-07 14:34:02'),(383,2,177,25,'2014-07-07 14:34:02','2014-07-07 14:34:02'),(384,3,177,2,'2014-07-07 14:34:02','2014-07-07 14:34:02'),(385,4,177,2,'2014-07-07 14:34:02','2014-07-07 14:34:02'),(386,6,177,2,'2014-07-07 14:34:02','2014-07-07 14:34:02'),(387,7,177,2,'2014-07-07 14:34:02','2014-07-07 14:34:02'),(388,8,NULL,NULL,'2014-07-07 15:02:43','2014-07-07 15:02:43'),(389,9,NULL,NULL,'2014-07-07 15:04:55','2014-07-07 15:04:55'),(390,10,NULL,NULL,'2014-07-07 15:07:42','2014-07-07 15:07:42'),(391,11,NULL,NULL,'2014-07-07 15:10:12','2014-07-07 15:10:12'),(392,12,NULL,NULL,'2014-07-07 15:11:47','2014-07-07 15:11:47'),(393,13,NULL,NULL,'2014-07-07 15:13:34','2014-07-09 12:19:53'),(395,15,NULL,NULL,'2014-07-07 15:18:57','2014-07-07 15:18:57'),(396,16,NULL,NULL,'2014-07-07 15:20:31','2014-07-07 15:20:31'),(397,17,NULL,NULL,'2014-07-07 15:21:54','2014-08-17 03:44:19'),(398,18,NULL,NULL,'2014-07-07 15:23:32','2014-08-28 00:32:42'),(399,19,NULL,NULL,'2014-07-07 15:24:34','2014-09-04 16:02:14'),(400,20,NULL,NULL,'2014-07-07 15:28:37','2014-08-15 16:48:50'),(439,1,180,0,'2014-07-07 16:38:43','2014-07-07 16:38:43'),(440,2,180,0,'2014-07-07 16:38:43','2014-07-07 16:38:43'),(441,3,180,0,'2014-07-07 16:38:43','2014-07-07 16:38:43'),(442,4,180,0,'2014-07-07 16:38:43','2014-07-07 16:38:43'),(443,6,180,0,'2014-07-07 16:38:43','2014-07-07 16:38:43'),(444,7,180,0,'2014-07-07 16:38:43','2014-07-07 16:38:43'),(445,8,180,0,'2014-07-07 16:38:43','2014-07-07 16:38:43'),(446,9,180,0,'2014-07-07 16:38:43','2014-07-07 16:38:43'),(447,10,180,0,'2014-07-07 16:38:43','2014-07-07 16:38:43'),(448,11,180,0,'2014-07-07 16:38:43','2014-07-07 16:38:43'),(449,12,180,0,'2014-07-07 16:38:43','2014-07-07 16:38:43'),(450,13,180,5,'2014-07-07 16:38:43','2014-07-07 16:38:43'),(452,15,180,3,'2014-07-07 16:38:43','2014-07-07 16:38:43'),(453,16,180,0,'2014-07-07 16:38:43','2014-07-07 16:38:43'),(454,17,180,0,'2014-07-07 16:38:43','2014-07-07 16:38:43'),(455,18,180,0,'2014-07-07 16:38:43','2014-07-07 16:38:43'),(456,19,180,0,'2014-07-07 16:38:43','2014-07-07 16:38:43'),(457,20,180,0,'2014-07-07 16:38:43','2014-07-07 16:38:43'),(458,1,181,2,'2014-07-07 16:44:18','2014-07-07 16:44:18'),(459,2,181,25,'2014-07-07 16:44:18','2014-07-07 16:44:18'),(460,3,181,2,'2014-07-07 16:44:18','2014-07-07 16:44:18'),(461,4,181,2,'2014-07-07 16:44:18','2014-07-07 16:44:18'),(462,6,181,2,'2014-07-07 16:44:18','2014-07-07 16:44:18'),(463,7,181,2,'2014-07-07 16:44:18','2014-07-07 16:44:18'),(464,1,182,2,'2014-07-07 16:44:50','2014-07-07 16:44:50'),(465,2,182,25,'2014-07-07 16:44:50','2014-07-07 16:44:50'),(466,3,182,2,'2014-07-07 16:44:50','2014-07-07 16:44:50'),(467,4,182,2,'2014-07-07 16:44:50','2014-07-07 16:44:50'),(468,6,182,2,'2014-07-07 16:44:50','2014-07-07 16:44:50'),(469,7,182,2,'2014-07-07 16:44:50','2014-07-07 16:44:50'),(546,13,187,5,'2014-07-08 00:17:03','2014-07-08 11:09:29'),(547,2,187,6,'2014-07-08 00:17:03','2014-07-08 00:17:03'),(548,1,187,6,'2014-07-08 00:17:03','2014-07-08 00:17:03'),(549,4,187,6,'2014-07-08 00:17:03','2014-07-08 00:17:03'),(550,16,187,6,'2014-07-08 00:17:03','2014-07-08 00:17:03'),(551,11,187,6,'2014-07-08 00:17:03','2014-07-08 00:17:03'),(552,13,188,6,'2014-07-08 00:17:27','2014-07-08 00:17:27'),(553,2,188,6,'2014-07-08 00:17:27','2014-07-08 00:17:27'),(554,1,188,6,'2014-07-08 00:17:27','2014-07-08 00:17:27'),(555,4,188,6,'2014-07-08 00:17:27','2014-07-08 00:17:27'),(556,16,188,6,'2014-07-08 00:17:27','2014-07-08 00:17:27'),(557,11,188,6,'2014-07-08 00:17:27','2014-07-08 00:17:27'),(558,13,189,6,'2014-07-08 00:17:54','2014-07-08 00:17:54'),(559,2,189,6,'2014-07-08 00:17:54','2014-07-08 00:17:54'),(560,1,189,6,'2014-07-08 00:17:54','2014-07-08 00:17:54'),(561,4,189,6,'2014-07-08 00:17:54','2014-07-08 00:17:54'),(562,16,189,6,'2014-07-08 00:17:54','2014-07-08 00:17:54'),(563,11,189,6,'2014-07-08 00:17:54','2014-07-08 00:17:54'),(564,13,190,6,'2014-07-08 00:18:26','2014-07-08 00:18:26'),(565,2,190,6,'2014-07-08 00:18:26','2014-07-08 00:18:26'),(566,1,190,6,'2014-07-08 00:18:26','2014-07-08 00:18:26'),(567,4,190,6,'2014-07-08 00:18:26','2014-07-08 00:18:26'),(568,16,190,6,'2014-07-08 00:18:26','2014-07-08 00:18:26'),(569,11,190,6,'2014-07-08 00:18:26','2014-07-08 00:18:26'),(570,13,191,6,'2014-07-07 22:19:29','2014-07-07 22:19:29'),(571,2,191,6,'2014-07-07 22:19:29','2014-07-07 22:19:29'),(572,1,191,6,'2014-07-07 22:19:29','2014-07-07 22:19:29'),(573,4,191,11,'2014-07-07 22:19:29','2014-07-07 22:19:29'),(574,13,192,6,'2014-07-07 22:19:37','2014-07-07 22:19:37'),(575,2,192,6,'2014-07-07 22:19:37','2014-07-07 22:19:37'),(576,1,192,6,'2014-07-07 22:19:37','2014-07-07 22:19:37'),(577,4,192,6,'2014-07-07 22:19:37','2014-07-07 22:19:37'),(578,16,192,6,'2014-07-07 22:19:37','2014-07-07 22:19:37'),(579,11,192,6,'2014-07-07 22:19:37','2014-07-07 22:19:37'),(649,13,211,3,'2014-07-07 23:11:10','2014-07-07 23:11:10'),(650,13,212,3,'2014-07-07 23:11:19','2014-07-07 23:11:19'),(651,13,213,3,'2014-07-07 23:14:39','2014-07-07 23:14:39'),(652,13,214,2,'2014-07-07 23:40:16','2014-07-07 23:40:16'),(653,13,214,2,'2014-07-07 23:52:35','2014-07-07 23:52:35'),(654,13,214,2,'2014-07-07 23:53:13','2014-07-07 23:53:13'),(655,13,213,4,'2014-07-07 23:53:26','2014-07-07 23:53:26'),(656,13,212,4,'2014-07-07 23:55:47','2014-07-07 23:55:47'),(657,13,211,3,'2014-07-07 23:59:38','2014-07-07 23:59:38'),(713,13,198,6,'2014-07-07 23:52:25','2014-07-07 23:52:25'),(714,2,198,6,'2014-07-07 23:52:25','2014-07-07 23:52:25'),(715,1,198,6,'2014-07-07 23:52:25','2014-07-07 23:52:25'),(716,16,198,6,'2014-07-07 23:52:25','2014-07-07 23:52:25'),(717,11,198,6,'2014-07-07 23:52:25','2014-07-07 23:52:25'),(718,13,197,5,'2014-07-07 23:53:07','2014-07-07 23:53:07'),(719,2,197,6,'2014-07-07 23:53:07','2014-07-07 23:53:07'),(720,1,197,5,'2014-07-07 23:53:07','2014-07-07 23:53:07'),(721,16,197,6,'2014-07-07 23:53:07','2014-07-07 23:53:07'),(722,11,197,5,'2014-07-07 23:53:07','2014-07-07 23:53:07'),(723,13,196,5,'2014-07-07 23:55:54','2014-07-07 23:55:54'),(724,2,196,6,'2014-07-07 23:55:54','2014-07-07 23:55:54'),(725,1,196,6,'2014-07-07 23:55:54','2014-07-07 23:55:54'),(726,16,196,6,'2014-07-07 23:55:54','2014-07-07 23:55:54'),(727,11,196,6,'2014-07-07 23:55:54','2014-07-07 23:55:54'),(763,21,NULL,NULL,'2014-07-08 11:07:27','2014-07-23 04:49:41'),(882,2,230,6,'2014-07-08 18:11:12','2014-07-08 18:11:12'),(883,1,230,6,'2014-07-08 18:11:12','2014-07-08 18:11:12'),(884,4,230,6,'2014-07-08 18:11:12','2014-07-08 18:11:12'),(885,16,230,6,'2014-07-08 18:11:12','2014-07-08 18:11:12'),(886,11,230,6,'2014-07-08 18:11:12','2014-07-08 18:11:12'),(913,2,239,6,'2014-07-09 13:48:08','2014-07-09 13:48:08'),(914,1,239,6,'2014-07-09 13:48:08','2014-07-09 13:48:08'),(915,4,239,6,'2014-07-09 13:48:08','2014-07-09 13:48:08'),(916,16,239,6,'2014-07-09 13:48:08','2014-07-09 13:48:08'),(917,11,239,6,'2014-07-09 13:48:08','2014-07-09 13:48:08'),(918,2,240,6,'2014-07-09 14:57:29','2014-07-09 14:57:29'),(919,1,240,6,'2014-07-09 14:57:29','2014-07-09 14:57:29'),(920,4,240,6,'2014-07-09 14:57:29','2014-07-09 14:57:29'),(921,16,240,6,'2014-07-09 14:57:29','2014-07-09 14:57:29'),(922,11,240,6,'2014-07-09 14:57:29','2014-07-09 14:57:29'),(1030,1,257,11,'2014-07-10 11:13:02','2014-07-10 11:13:02'),(1031,4,257,6,'2014-07-10 11:13:02','2014-07-10 11:13:02'),(1082,2,269,6,'2014-07-10 11:53:39','2014-07-10 11:53:39'),(1083,1,269,6,'2014-07-10 11:53:39','2014-07-10 11:53:39'),(1084,4,269,6,'2014-07-10 11:53:39','2014-07-10 11:53:39'),(1085,16,269,6,'2014-07-10 11:53:39','2014-07-10 11:53:39'),(1086,11,269,6,'2014-07-10 11:53:39','2014-07-10 11:53:39'),(1087,22,NULL,NULL,'2014-07-10 14:12:50','2014-07-10 14:12:50'),(1094,2,272,6,'2014-07-10 14:20:27','2014-07-10 14:20:27'),(1095,1,272,5,'2014-07-10 14:20:27','2014-07-10 14:20:27'),(1124,2,288,4,'2014-07-11 16:19:51','2014-07-11 16:19:51'),(1125,2,289,4,'2014-07-11 16:20:01','2014-07-11 16:20:01'),(1128,2,292,4,'2014-07-12 12:49:13','2014-07-12 12:49:13'),(1130,2,294,4,'2014-07-12 12:50:33','2014-07-12 12:50:33'),(1131,2,295,4,'2014-07-12 12:54:01','2014-07-12 12:54:01'),(1143,12,299,3,'2014-07-12 13:53:28','2014-07-12 13:53:28'),(1144,9,299,3,'2014-07-12 13:53:28','2014-07-12 13:53:28'),(1145,17,299,3,'2014-07-12 13:53:28','2014-07-12 13:53:28'),(1146,19,299,3,'2014-07-12 13:53:28','2014-07-12 13:53:28'),(1148,12,301,4,'2014-07-13 14:30:54','2014-07-13 14:30:54'),(1149,12,302,4,'2014-07-13 14:31:01','2014-07-13 14:31:01'),(1150,12,303,4,'2014-07-13 14:31:56','2014-07-13 14:31:56'),(1154,12,304,4,'2014-07-13 14:35:32','2014-07-13 14:35:32'),(1155,12,305,3,'2014-07-14 05:43:57','2014-07-14 05:43:57'),(1165,13,308,2,'2014-07-14 09:30:09','2014-07-14 09:30:09'),(1166,12,308,5,'2014-07-14 09:30:09','2014-07-14 09:30:09'),(1169,13,311,4,'2014-07-14 11:02:15','2014-07-14 11:02:15'),(1170,13,312,4,'2014-07-14 11:02:57','2014-07-14 11:02:57'),(1171,13,313,33,'2014-07-14 11:04:16','2014-07-14 11:04:16'),(1172,2,314,44,'2014-07-14 11:05:27','2014-07-14 11:05:27'),(1173,13,315,4,'2014-07-14 11:07:31','2014-07-14 11:07:31'),(1174,13,316,6,'2014-07-14 11:08:25','2014-07-14 11:08:25'),(1175,2,316,66,'2014-07-14 11:08:25','2014-07-14 11:08:25'),(1176,13,317,5,'2014-07-14 11:30:40','2014-07-14 11:30:40'),(1180,13,318,1,'2014-07-14 11:38:11','2014-07-14 11:38:11'),(1184,13,319,4,'2014-07-14 11:41:27','2014-07-14 11:41:27'),(1185,13,320,7,'2014-07-14 11:41:56','2014-07-14 11:41:56'),(1194,13,321,7,'2014-07-14 12:00:54','2014-07-14 12:00:54'),(1195,13,322,5,'2014-07-14 12:01:05','2014-07-14 12:01:05'),(1196,13,323,5,'2014-07-14 12:01:19','2014-07-14 12:01:19'),(1198,13,324,5,'2014-07-14 12:02:31','2014-07-14 12:02:31'),(1202,13,325,5,'2014-07-14 12:11:24','2014-07-14 12:11:24'),(1206,13,326,5,'2014-07-14 12:16:08','2014-07-14 12:16:08'),(1207,13,327,5,'2014-07-15 06:40:53','2014-07-15 06:40:53'),(1221,13,331,43,'2014-07-16 12:20:31','2014-07-16 12:20:31'),(1222,2,331,3,'2014-07-16 12:20:31','2014-07-16 12:20:31'),(1223,1,331,3,'2014-07-16 12:20:31','2014-07-16 12:20:31'),(1224,4,331,3,'2014-07-16 12:20:31','2014-07-16 12:20:31'),(1225,22,331,3,'2014-07-16 12:20:31','2014-07-16 12:20:31'),(1226,13,332,6,'2014-07-16 12:20:45','2014-07-16 12:20:45'),(1227,2,332,66,'2014-07-16 12:20:45','2014-07-16 12:20:45'),(1228,1,332,6,'2014-07-16 12:20:45','2014-07-16 12:20:45'),(1229,4,332,6,'2014-07-16 12:20:45','2014-07-16 12:20:45'),(1230,22,332,6,'2014-07-16 12:20:45','2014-07-16 12:20:45'),(1231,4,333,4,'2014-07-16 12:20:54','2014-07-16 12:20:54'),(1232,13,334,5,'2014-07-16 12:21:21','2014-07-16 12:21:21'),(1233,2,334,5,'2014-07-16 12:21:21','2014-07-16 12:21:21'),(1234,1,334,5,'2014-07-16 12:21:21','2014-07-16 12:21:21'),(1235,4,334,5,'2014-07-16 12:21:21','2014-07-16 12:21:21'),(1236,13,335,6,'2014-07-17 03:14:40','2014-07-17 03:14:40'),(1237,2,335,66,'2014-07-17 03:14:40','2014-07-17 03:14:40'),(1238,1,335,5,'2014-07-17 03:14:40','2014-07-17 03:14:40'),(1239,16,335,7,'2014-07-17 03:14:40','2014-07-17 03:14:40'),(1240,8,335,7,'2014-07-17 03:14:40','2014-07-17 03:14:40'),(1241,18,335,7,'2014-07-17 03:14:40','2014-07-17 03:14:40'),(1242,9,335,7,'2014-07-17 03:14:40','2014-07-17 03:14:40'),(1243,13,336,5,'2014-07-17 03:14:46','2014-07-17 03:14:46'),(1244,2,336,5,'2014-07-17 03:14:46','2014-07-17 03:14:46'),(1245,1,336,5,'2014-07-17 03:14:46','2014-07-17 03:14:46'),(1246,4,336,5,'2014-07-17 03:14:46','2014-07-17 03:14:46'),(1247,1,337,66,'2014-07-17 03:16:33','2014-07-17 03:16:33'),(1248,4,337,6,'2014-07-17 03:16:33','2014-07-17 03:16:33'),(1249,16,337,6,'2014-07-17 03:16:33','2014-07-17 03:16:33'),(1250,8,337,6,'2014-07-17 03:16:33','2014-07-17 03:16:33'),(1251,4,338,666,'2014-07-17 03:16:57','2014-07-17 03:16:57'),(1252,13,339,5,'2014-07-17 03:17:06','2014-07-17 03:17:06'),(1253,2,339,5,'2014-07-17 03:17:06','2014-07-17 03:17:06'),(1254,1,339,5,'2014-07-17 03:17:06','2014-07-17 03:17:06'),(1255,4,339,5,'2014-07-17 03:17:06','2014-07-17 03:17:06'),(1275,13,341,5,'2014-07-19 08:53:38','2014-07-19 08:53:38'),(1276,2,341,5,'2014-07-19 08:53:38','2014-07-19 08:53:38'),(1277,1,341,5,'2014-07-19 08:53:38','2014-07-19 08:53:38'),(1278,4,341,5,'2014-07-19 08:53:38','2014-07-19 08:53:38'),(1297,13,340,1,'2014-07-19 10:10:21','2014-07-19 10:10:21'),(1298,2,340,1,'2014-07-19 10:10:21','2014-07-19 10:10:21'),(1299,4,340,1,'2014-07-19 10:10:21','2014-07-19 10:10:21'),(1300,22,340,1,'2014-07-19 10:10:21','2014-07-19 10:10:21'),(1301,16,340,1,'2014-07-19 10:10:21','2014-07-19 10:10:21'),(1302,11,340,1,'2014-07-19 10:10:21','2014-07-19 10:10:21'),(1303,8,340,1,'2014-07-19 10:10:21','2014-07-19 10:10:21'),(1304,18,340,1,'2014-07-19 10:10:21','2014-07-19 10:10:21'),(1305,10,340,1,'2014-07-19 10:10:21','2014-07-19 10:10:21'),(1306,7,340,1,'2014-07-19 10:10:21','2014-07-19 10:10:21'),(1307,20,340,1,'2014-07-19 10:10:21','2014-07-19 10:10:21'),(1308,12,340,1,'2014-07-19 10:10:21','2014-07-19 10:10:21'),(1309,9,340,1,'2014-07-19 10:10:21','2014-07-19 10:10:21'),(1310,17,340,1,'2014-07-19 10:10:21','2014-07-19 10:10:21'),(1311,19,340,1,'2014-07-19 10:10:21','2014-07-19 10:10:21'),(1312,15,340,1,'2014-07-19 10:10:21','2014-07-19 10:10:21'),(1313,3,340,1,'2014-07-19 10:10:21','2014-07-19 10:10:21'),(1314,6,340,1,'2014-07-19 10:10:21','2014-07-19 10:10:21'),(1333,13,342,2,'2014-07-19 10:12:21','2014-07-19 10:12:21'),(1334,2,342,2,'2014-07-19 10:12:21','2014-07-19 10:12:21'),(1335,4,342,2,'2014-07-19 10:12:21','2014-07-19 10:12:21'),(1336,22,342,2,'2014-07-19 10:12:21','2014-07-19 10:12:21'),(1337,16,342,2,'2014-07-19 10:12:21','2014-07-19 10:12:21'),(1338,11,342,2,'2014-07-19 10:12:21','2014-07-19 10:12:21'),(1339,8,342,2,'2014-07-19 10:12:21','2014-07-19 10:12:21'),(1340,18,342,25,'2014-07-19 10:12:21','2014-07-19 10:12:21'),(1341,10,342,2,'2014-07-19 10:12:21','2014-07-19 10:12:21'),(1342,7,342,2,'2014-07-19 10:12:21','2014-07-19 10:12:21'),(1343,20,342,2,'2014-07-19 10:12:21','2014-07-19 10:12:21'),(1344,12,342,2,'2014-07-19 10:12:21','2014-07-19 10:12:21'),(1345,9,342,25,'2014-07-19 10:12:21','2014-07-19 10:12:21'),(1346,17,342,25,'2014-07-19 10:12:21','2014-07-19 10:12:21'),(1347,19,342,25,'2014-07-19 10:12:21','2014-07-19 10:12:21'),(1348,15,342,2,'2014-07-19 10:12:21','2014-07-19 10:12:21'),(1349,3,342,2,'2014-07-19 10:12:21','2014-07-19 10:12:21'),(1350,6,342,2,'2014-07-19 10:12:21','2014-07-19 10:12:21'),(1351,21,342,2,'2014-07-19 10:12:21','2014-07-19 10:12:21'),(1352,13,343,4,'2014-07-19 12:43:59','2014-07-19 12:43:59'),(1353,2,343,44,'2014-07-19 12:43:59','2014-07-19 12:43:59'),(1354,4,343,44,'2014-07-19 12:43:59','2014-07-19 12:43:59'),(1355,22,343,4,'2014-07-19 12:43:59','2014-07-19 12:43:59'),(1356,16,343,4,'2014-07-19 12:43:59','2014-07-19 12:43:59'),(1357,11,343,4,'2014-07-19 12:43:59','2014-07-19 12:43:59'),(1358,8,343,4,'2014-07-19 12:43:59','2014-07-19 12:43:59'),(1359,18,343,4,'2014-07-19 12:43:59','2014-07-19 12:43:59'),(1360,10,343,4,'2014-07-19 12:43:59','2014-07-19 12:43:59'),(1361,7,343,4,'2014-07-19 12:43:59','2014-07-19 12:43:59'),(1362,20,343,4,'2014-07-19 12:43:59','2014-07-19 12:43:59'),(1363,12,343,4,'2014-07-19 12:43:59','2014-07-19 12:43:59'),(1364,9,343,4,'2014-07-19 12:43:59','2014-07-19 12:43:59'),(1365,17,343,4,'2014-07-19 12:43:59','2014-07-19 12:43:59'),(1366,19,343,4,'2014-07-19 12:43:59','2014-07-19 12:43:59'),(1367,15,343,4,'2014-07-19 12:43:59','2014-07-19 12:43:59'),(1368,3,343,4,'2014-07-19 12:43:59','2014-07-19 12:43:59'),(1369,6,343,4,'2014-07-19 12:43:59','2014-07-19 12:43:59'),(1370,21,343,4,'2014-07-19 12:43:59','2014-07-19 12:43:59'),(1371,13,344,4,'2014-07-19 12:44:11','2014-07-19 12:44:11'),(1372,2,344,44,'2014-07-19 12:44:11','2014-07-19 12:44:11'),(1373,4,344,44,'2014-07-19 12:44:11','2014-07-19 12:44:11'),(1374,22,344,4,'2014-07-19 12:44:11','2014-07-19 12:44:11'),(1375,16,344,4,'2014-07-19 12:44:11','2014-07-19 12:44:11'),(1376,11,344,4,'2014-07-19 12:44:11','2014-07-19 12:44:11'),(1377,8,344,4,'2014-07-19 12:44:11','2014-07-19 12:44:11'),(1378,18,344,4,'2014-07-19 12:44:11','2014-07-19 12:44:11'),(1379,10,344,4,'2014-07-19 12:44:11','2014-07-19 12:44:11'),(1380,7,344,4,'2014-07-19 12:44:11','2014-07-19 12:44:11'),(1381,20,344,4,'2014-07-19 12:44:11','2014-07-19 12:44:11'),(1382,12,344,4,'2014-07-19 12:44:11','2014-07-19 12:44:11'),(1383,9,344,4,'2014-07-19 12:44:11','2014-07-19 12:44:11'),(1384,17,344,4,'2014-07-19 12:44:11','2014-07-19 12:44:11'),(1385,19,344,4,'2014-07-19 12:44:11','2014-07-19 12:44:11'),(1386,15,344,4,'2014-07-19 12:44:11','2014-07-19 12:44:11'),(1387,3,344,4,'2014-07-19 12:44:11','2014-07-19 12:44:11'),(1388,6,344,4,'2014-07-19 12:44:11','2014-07-19 12:44:11'),(1389,21,344,4,'2014-07-19 12:44:11','2014-07-19 12:44:11'),(1390,13,345,5,'2014-07-19 13:18:53','2014-07-19 13:18:53'),(1391,2,345,5,'2014-07-19 13:18:53','2014-07-19 13:18:53'),(1392,4,345,5,'2014-07-19 13:18:53','2014-07-19 13:18:53'),(1393,22,345,5,'2014-07-19 13:18:53','2014-07-19 13:18:53'),(1394,16,345,5,'2014-07-19 13:18:53','2014-07-19 13:18:53'),(1395,11,345,5,'2014-07-19 13:18:53','2014-07-19 13:18:53'),(1396,8,345,5,'2014-07-19 13:18:53','2014-07-19 13:18:53'),(1397,18,345,5,'2014-07-19 13:18:53','2014-07-19 13:18:53'),(1398,10,345,5,'2014-07-19 13:18:53','2014-07-19 13:18:53'),(1399,7,345,5,'2014-07-19 13:18:53','2014-07-19 13:18:53'),(1400,20,345,5,'2014-07-19 13:18:53','2014-07-19 13:18:53'),(1401,12,345,5,'2014-07-19 13:18:53','2014-07-19 13:18:53'),(1402,9,345,5,'2014-07-19 13:18:53','2014-07-19 13:18:53'),(1403,17,345,5,'2014-07-19 13:18:53','2014-07-19 13:18:53'),(1404,19,345,5,'2014-07-19 13:18:53','2014-07-19 13:18:53'),(1405,15,345,5,'2014-07-19 13:18:53','2014-07-19 13:18:53'),(1406,3,345,5,'2014-07-19 13:18:53','2014-07-19 13:18:53'),(1407,6,345,5,'2014-07-19 13:18:53','2014-07-19 13:18:53'),(1408,21,345,5,'2014-07-19 13:18:53','2014-07-19 13:18:53'),(1409,13,346,5,'2014-07-19 13:18:58','2014-07-19 13:18:58'),(1410,2,346,5,'2014-07-19 13:18:58','2014-07-19 13:18:58'),(1411,4,346,5,'2014-07-19 13:18:58','2014-07-19 13:18:58'),(1412,22,346,5,'2014-07-19 13:18:58','2014-07-19 13:18:58'),(1413,16,346,5,'2014-07-19 13:18:58','2014-07-19 13:18:58'),(1414,11,346,5,'2014-07-19 13:18:58','2014-07-19 13:18:58'),(1415,8,346,5,'2014-07-19 13:18:58','2014-07-19 13:18:58'),(1416,18,346,5,'2014-07-19 13:18:58','2014-07-19 13:18:58'),(1417,10,346,5,'2014-07-19 13:18:58','2014-07-19 13:18:58'),(1418,7,346,5,'2014-07-19 13:18:58','2014-07-19 13:18:58'),(1419,20,346,5,'2014-07-19 13:18:58','2014-07-19 13:18:58'),(1420,12,346,5,'2014-07-19 13:18:58','2014-07-19 13:18:58'),(1421,9,346,5,'2014-07-19 13:18:58','2014-07-19 13:18:58'),(1422,17,346,5,'2014-07-19 13:18:58','2014-07-19 13:18:58'),(1423,19,346,5,'2014-07-19 13:18:58','2014-07-19 13:18:58'),(1424,15,346,5,'2014-07-19 13:18:58','2014-07-19 13:18:58'),(1425,3,346,5,'2014-07-19 13:18:58','2014-07-19 13:18:58'),(1426,6,346,5,'2014-07-19 13:18:58','2014-07-19 13:18:58'),(1427,21,346,5,'2014-07-19 13:18:58','2014-07-19 13:18:58'),(1428,13,347,5,'2014-07-19 13:19:03','2014-07-19 13:19:03'),(1429,2,347,5,'2014-07-19 13:19:03','2014-07-19 13:19:03'),(1430,4,347,5,'2014-07-19 13:19:03','2014-07-19 13:19:03'),(1431,22,347,5,'2014-07-19 13:19:03','2014-07-19 13:19:03'),(1432,16,347,5,'2014-07-19 13:19:03','2014-07-19 13:19:03'),(1433,11,347,5,'2014-07-19 13:19:03','2014-07-19 13:19:03'),(1434,8,347,5,'2014-07-19 13:19:03','2014-07-19 13:19:03'),(1435,18,347,5,'2014-07-19 13:19:03','2014-07-19 13:19:03'),(1436,10,347,5,'2014-07-19 13:19:03','2014-07-19 13:19:03'),(1437,7,347,5,'2014-07-19 13:19:03','2014-07-19 13:19:03'),(1438,20,347,5,'2014-07-19 13:19:03','2014-07-19 13:19:03'),(1439,12,347,5,'2014-07-19 13:19:03','2014-07-19 13:19:03'),(1440,9,347,5,'2014-07-19 13:19:03','2014-07-19 13:19:03'),(1441,17,347,5,'2014-07-19 13:19:03','2014-07-19 13:19:03'),(1442,19,347,5,'2014-07-19 13:19:03','2014-07-19 13:19:03'),(1443,15,347,5,'2014-07-19 13:19:03','2014-07-19 13:19:03'),(1444,3,347,5,'2014-07-19 13:19:03','2014-07-19 13:19:03'),(1445,6,347,5,'2014-07-19 13:19:03','2014-07-19 13:19:03'),(1446,21,347,5,'2014-07-19 13:19:03','2014-07-19 13:19:03'),(1447,13,348,5,'2014-07-20 02:59:11','2014-07-20 02:59:11'),(1448,2,348,5,'2014-07-20 02:59:11','2014-07-20 02:59:11'),(1449,4,348,5,'2014-07-20 02:59:11','2014-07-20 02:59:11'),(1450,22,348,5,'2014-07-20 02:59:11','2014-07-20 02:59:11'),(1451,16,348,5,'2014-07-20 02:59:11','2014-07-20 02:59:11'),(1452,11,348,5,'2014-07-20 02:59:11','2014-07-20 02:59:11'),(1453,8,348,5,'2014-07-20 02:59:11','2014-07-20 02:59:11'),(1454,18,348,5,'2014-07-20 02:59:11','2014-07-20 02:59:11'),(1455,10,348,5,'2014-07-20 02:59:11','2014-07-20 02:59:11'),(1456,7,348,5,'2014-07-20 02:59:11','2014-07-20 02:59:11'),(1457,20,348,5,'2014-07-20 02:59:11','2014-07-20 02:59:11'),(1458,12,348,5,'2014-07-20 02:59:11','2014-07-20 02:59:11'),(1459,9,348,5,'2014-07-20 02:59:11','2014-07-20 02:59:11'),(1460,17,348,5,'2014-07-20 02:59:11','2014-07-20 02:59:11'),(1461,19,348,5,'2014-07-20 02:59:11','2014-07-20 02:59:11'),(1462,15,348,5,'2014-07-20 02:59:11','2014-07-20 02:59:11'),(1463,3,348,5,'2014-07-20 02:59:11','2014-07-20 02:59:11'),(1464,6,348,5,'2014-07-20 02:59:11','2014-07-20 02:59:11'),(1465,21,348,5,'2014-07-20 02:59:11','2014-07-20 02:59:11'),(1466,23,NULL,NULL,'2014-07-20 08:55:43','2014-07-20 08:55:43'),(1471,1,349,66,'2014-07-21 03:53:33','2014-07-21 03:53:33'),(1472,4,349,6,'2014-07-21 03:53:33','2014-07-21 03:53:33'),(1473,16,349,6,'2014-07-21 03:53:33','2014-07-21 03:53:33'),(1474,8,349,6,'2014-07-21 03:53:33','2014-07-21 03:53:33'),(1571,23,350,1,'2014-07-21 06:02:02','2014-07-21 06:02:02'),(1572,13,350,2,'2014-07-21 06:02:02','2014-07-21 06:02:02'),(1573,2,350,3,'2014-07-21 06:02:02','2014-07-21 06:02:02'),(1574,4,350,4,'2014-07-21 06:02:02','2014-07-21 06:02:02'),(1575,22,350,5,'2014-07-21 06:02:02','2014-07-21 06:02:02'),(1576,16,350,6,'2014-07-21 06:02:02','2014-07-21 06:02:02'),(1577,11,350,7,'2014-07-21 06:02:02','2014-07-21 06:02:02'),(1578,8,350,8,'2014-07-21 06:02:02','2014-07-21 06:02:02'),(1579,18,350,9,'2014-07-21 06:02:02','2014-07-21 06:02:02'),(1580,10,350,10,'2014-07-21 06:02:02','2014-07-21 06:02:02'),(1581,7,350,11,'2014-07-21 06:02:02','2014-07-21 06:02:02'),(1582,23,351,1,'2014-07-21 06:12:33','2014-07-21 06:12:33'),(1583,13,351,2,'2014-07-21 06:12:33','2014-07-21 06:12:33'),(1584,2,351,3,'2014-07-21 06:12:33','2014-07-21 06:12:33'),(1585,4,351,4,'2014-07-21 06:12:33','2014-07-21 06:12:33'),(1586,22,351,5,'2014-07-21 06:12:33','2014-07-21 06:12:33'),(1587,16,351,6,'2014-07-21 06:12:33','2014-07-21 06:12:33'),(1588,11,351,7,'2014-07-21 06:12:33','2014-07-21 06:12:33'),(1589,8,351,8,'2014-07-21 06:12:33','2014-07-21 06:12:33'),(1590,18,351,9,'2014-07-21 06:12:33','2014-07-21 06:12:33'),(1591,10,351,10,'2014-07-21 06:12:33','2014-07-21 06:12:33'),(1592,7,351,11,'2014-07-21 06:12:33','2014-07-21 06:12:33'),(1755,23,356,1,'2014-07-21 08:16:14','2014-07-21 08:16:14'),(1756,13,356,2,'2014-07-21 08:16:14','2014-07-21 08:16:14'),(1757,2,356,3,'2014-07-21 08:16:14','2014-07-21 08:16:14'),(1758,4,356,4,'2014-07-21 08:16:14','2014-07-21 08:16:14'),(1759,22,356,5,'2014-07-21 08:16:14','2014-07-21 08:16:14'),(1760,16,356,6,'2014-07-21 08:16:14','2014-07-21 08:16:14'),(1761,11,356,7,'2014-07-21 08:16:14','2014-07-21 08:16:14'),(1762,8,356,8,'2014-07-21 08:16:14','2014-07-21 08:16:14'),(1763,18,356,9,'2014-07-21 08:16:14','2014-07-21 08:16:14'),(1764,10,356,10,'2014-07-21 08:16:14','2014-07-21 08:16:14'),(1765,7,356,11,'2014-07-21 08:16:14','2014-07-21 08:16:14'),(1766,13,357,4,'2014-07-21 08:16:31','2014-07-21 08:16:31'),(1767,2,357,44,'2014-07-21 08:16:31','2014-07-21 08:16:31'),(1768,4,357,44,'2014-07-21 08:16:31','2014-07-21 08:16:31'),(1769,22,357,4,'2014-07-21 08:16:31','2014-07-21 08:16:31'),(1770,16,357,4,'2014-07-21 08:16:31','2014-07-21 08:16:31'),(1771,11,357,4,'2014-07-21 08:16:31','2014-07-21 08:16:31'),(1772,8,357,4,'2014-07-21 08:16:31','2014-07-21 08:16:31'),(1773,18,357,4,'2014-07-21 08:16:31','2014-07-21 08:16:31'),(1774,10,357,4,'2014-07-21 08:16:31','2014-07-21 08:16:31'),(1775,7,357,4,'2014-07-21 08:16:31','2014-07-21 08:16:31'),(1776,20,357,4,'2014-07-21 08:16:31','2014-07-21 08:16:31'),(1777,12,357,4,'2014-07-21 08:16:31','2014-07-21 08:16:31'),(1778,9,357,4,'2014-07-21 08:16:31','2014-07-21 08:16:31'),(1779,17,357,4,'2014-07-21 08:16:31','2014-07-21 08:16:31'),(1780,19,357,4,'2014-07-21 08:16:31','2014-07-21 08:16:31'),(1781,15,357,4,'2014-07-21 08:16:31','2014-07-21 08:16:31'),(1782,3,357,4,'2014-07-21 08:16:31','2014-07-21 08:16:31'),(1783,6,357,4,'2014-07-21 08:16:31','2014-07-21 08:16:31'),(1784,21,357,4,'2014-07-21 08:16:31','2014-07-21 08:16:31'),(1785,13,358,4,'2014-07-21 09:03:17','2014-07-21 09:03:17'),(1786,2,358,44,'2014-07-21 09:03:17','2014-07-21 09:03:17'),(1787,4,358,44,'2014-07-21 09:03:17','2014-07-21 09:03:17'),(1788,22,358,4,'2014-07-21 09:03:17','2014-07-21 09:03:17'),(1789,16,358,4,'2014-07-21 09:03:17','2014-07-21 09:03:17'),(1790,11,358,4,'2014-07-21 09:03:17','2014-07-21 09:03:17'),(1791,8,358,4,'2014-07-21 09:03:17','2014-07-21 09:03:17'),(1792,18,358,4,'2014-07-21 09:03:17','2014-07-21 09:03:17'),(1793,10,358,4,'2014-07-21 09:03:17','2014-07-21 09:03:17'),(1794,7,358,4,'2014-07-21 09:03:17','2014-07-21 09:03:17'),(1795,20,358,4,'2014-07-21 09:03:17','2014-07-21 09:03:17'),(1796,12,358,4,'2014-07-21 09:03:17','2014-07-21 09:03:17'),(1797,9,358,4,'2014-07-21 09:03:17','2014-07-21 09:03:17'),(1798,17,358,4,'2014-07-21 09:03:17','2014-07-21 09:03:17'),(1799,19,358,4,'2014-07-21 09:03:17','2014-07-21 09:03:17'),(1800,15,358,4,'2014-07-21 09:03:17','2014-07-21 09:03:17'),(1801,3,358,4,'2014-07-21 09:03:17','2014-07-21 09:03:17'),(1802,6,358,4,'2014-07-21 09:03:17','2014-07-21 09:03:17'),(1803,21,358,4,'2014-07-21 09:03:17','2014-07-21 09:03:17'),(1804,13,359,4,'2014-07-21 09:03:52','2014-07-21 09:03:52'),(1805,2,359,44,'2014-07-21 09:03:52','2014-07-21 09:03:52'),(1806,4,359,44,'2014-07-21 09:03:52','2014-07-21 09:03:52'),(1807,22,359,4,'2014-07-21 09:03:52','2014-07-21 09:03:52'),(1808,16,359,4,'2014-07-21 09:03:52','2014-07-21 09:03:52'),(1809,11,359,4,'2014-07-21 09:03:52','2014-07-21 09:03:52'),(1810,8,359,4,'2014-07-21 09:03:52','2014-07-21 09:03:52'),(1811,18,359,4,'2014-07-21 09:03:52','2014-07-21 09:03:52'),(1812,10,359,4,'2014-07-21 09:03:52','2014-07-21 09:03:52'),(1813,7,359,4,'2014-07-21 09:03:52','2014-07-21 09:03:52'),(1814,20,359,4,'2014-07-21 09:03:52','2014-07-21 09:03:52'),(1815,12,359,4,'2014-07-21 09:03:52','2014-07-21 09:03:52'),(1816,9,359,4,'2014-07-21 09:03:52','2014-07-21 09:03:52'),(1817,17,359,4,'2014-07-21 09:03:52','2014-07-21 09:03:52'),(1818,19,359,4,'2014-07-21 09:03:52','2014-07-21 09:03:52'),(1819,15,359,4,'2014-07-21 09:03:52','2014-07-21 09:03:52'),(1820,3,359,4,'2014-07-21 09:03:52','2014-07-21 09:03:52'),(1821,6,359,4,'2014-07-21 09:03:52','2014-07-21 09:03:52'),(1822,21,359,4,'2014-07-21 09:03:52','2014-07-21 09:03:52'),(2127,13,376,4,'2014-07-22 06:03:17','2014-07-22 06:03:17'),(2128,2,376,44,'2014-07-22 06:03:17','2014-07-22 06:03:17'),(2129,4,376,44,'2014-07-22 06:03:17','2014-07-22 06:03:17'),(2130,22,376,4,'2014-07-22 06:03:17','2014-07-22 06:03:17'),(2131,16,376,4,'2014-07-22 06:03:17','2014-07-22 06:03:17'),(2132,11,376,4,'2014-07-22 06:03:17','2014-07-22 06:03:17'),(2133,8,376,4,'2014-07-22 06:03:17','2014-07-22 06:03:17'),(2134,18,376,4,'2014-07-22 06:03:17','2014-07-22 06:03:17'),(2135,10,376,4,'2014-07-22 06:03:17','2014-07-22 06:03:17'),(2136,7,376,4,'2014-07-22 06:03:17','2014-07-22 06:03:17'),(2137,20,376,4,'2014-07-22 06:03:17','2014-07-22 06:03:17'),(2138,12,376,4,'2014-07-22 06:03:17','2014-07-22 06:03:17'),(2139,9,376,4,'2014-07-22 06:03:17','2014-07-22 06:03:17'),(2140,17,376,4,'2014-07-22 06:03:17','2014-07-22 06:03:17'),(2141,19,376,4,'2014-07-22 06:03:17','2014-07-22 06:03:17'),(2142,15,376,4,'2014-07-22 06:03:17','2014-07-22 06:03:17'),(2143,3,376,4,'2014-07-22 06:03:17','2014-07-22 06:03:17'),(2144,6,376,4,'2014-07-22 06:03:17','2014-07-22 06:03:17'),(2145,21,376,4,'2014-07-22 06:03:17','2014-07-22 06:03:17'),(2146,13,377,4,'2014-07-22 06:04:57','2014-07-22 06:04:57'),(2147,2,377,44,'2014-07-22 06:04:57','2014-07-22 06:04:57'),(2148,4,377,44,'2014-07-22 06:04:57','2014-07-22 06:04:57'),(2149,22,377,4,'2014-07-22 06:04:57','2014-07-22 06:04:57'),(2150,16,377,4,'2014-07-22 06:04:57','2014-07-22 06:04:57'),(2151,11,377,4,'2014-07-22 06:04:57','2014-07-22 06:04:57'),(2152,8,377,4,'2014-07-22 06:04:57','2014-07-22 06:04:57'),(2153,18,377,4,'2014-07-22 06:04:57','2014-07-22 06:04:57'),(2154,10,377,4,'2014-07-22 06:04:57','2014-07-22 06:04:57'),(2155,7,377,4,'2014-07-22 06:04:57','2014-07-22 06:04:57'),(2156,20,377,4,'2014-07-22 06:04:57','2014-07-22 06:04:57'),(2157,12,377,4,'2014-07-22 06:04:57','2014-07-22 06:04:57'),(2158,9,377,4,'2014-07-22 06:04:57','2014-07-22 06:04:57'),(2159,17,377,4,'2014-07-22 06:04:57','2014-07-22 06:04:57'),(2160,19,377,4,'2014-07-22 06:04:57','2014-07-22 06:04:57'),(2161,15,377,4,'2014-07-22 06:04:57','2014-07-22 06:04:57'),(2162,3,377,4,'2014-07-22 06:04:57','2014-07-22 06:04:57'),(2163,6,377,4,'2014-07-22 06:04:57','2014-07-22 06:04:57'),(2164,21,377,4,'2014-07-22 06:04:57','2014-07-22 06:04:57'),(2165,23,378,1,'2014-07-22 06:05:20','2014-07-22 06:05:20'),(2166,23,379,1,'2014-07-22 06:06:14','2014-07-22 06:06:14'),(2167,23,380,1,'2014-07-22 06:07:11','2014-07-22 06:07:11'),(2170,23,381,2,'2014-07-22 06:08:38','2014-07-22 06:08:38'),(2171,23,382,2,'2014-07-22 06:08:47','2014-07-22 06:08:47'),(2173,23,384,2,'2014-07-22 06:12:12','2014-07-22 06:12:12'),(2175,23,383,5,'2014-07-22 06:12:29','2014-07-22 06:12:29'),(2176,13,383,5,'2014-07-22 06:12:29','2014-07-22 06:12:29'),(2177,23,385,55,'2014-07-22 06:12:46','2014-07-22 06:12:46'),(2178,23,386,55,'2014-07-23 05:41:07','2014-07-23 05:41:07'),(2180,23,387,33,'2014-07-23 03:55:19','2014-07-23 03:55:19'),(2181,23,388,33,'2014-07-23 03:55:23','2014-07-23 03:55:23'),(2182,23,389,33,'2014-07-23 03:55:29','2014-07-23 03:55:29'),(2183,23,390,33,'2014-07-22 03:56:13','2014-07-22 03:56:13'),(2184,23,391,33,'2014-07-22 03:56:24','2014-07-22 03:56:24'),(2185,13,392,4,'2014-07-22 03:56:32','2014-07-22 03:56:32'),(2186,2,392,44,'2014-07-22 03:56:32','2014-07-22 03:56:32'),(2187,4,392,44,'2014-07-22 03:56:32','2014-07-22 03:56:32'),(2188,22,392,4,'2014-07-22 03:56:32','2014-07-22 03:56:32'),(2189,16,392,4,'2014-07-22 03:56:32','2014-07-22 03:56:32'),(2190,11,392,4,'2014-07-22 03:56:32','2014-07-22 03:56:32'),(2191,8,392,4,'2014-07-22 03:56:32','2014-07-22 03:56:32'),(2192,18,392,4,'2014-07-22 03:56:32','2014-07-22 03:56:32'),(2193,10,392,4,'2014-07-22 03:56:32','2014-07-22 03:56:32'),(2194,7,392,4,'2014-07-22 03:56:32','2014-07-22 03:56:32'),(2195,20,392,4,'2014-07-22 03:56:32','2014-07-22 03:56:32'),(2196,12,392,4,'2014-07-22 03:56:32','2014-07-22 03:56:32'),(2197,9,392,4,'2014-07-22 03:56:32','2014-07-22 03:56:32'),(2198,17,392,4,'2014-07-22 03:56:32','2014-07-22 03:56:32'),(2199,19,392,4,'2014-07-22 03:56:32','2014-07-22 03:56:32'),(2200,15,392,4,'2014-07-22 03:56:32','2014-07-22 03:56:32'),(2201,3,392,4,'2014-07-22 03:56:32','2014-07-22 03:56:32'),(2202,6,392,4,'2014-07-22 03:56:32','2014-07-22 03:56:32'),(2203,21,392,4,'2014-07-22 03:56:32','2014-07-22 03:56:32'),(2204,13,393,4,'2014-07-22 04:13:53','2014-07-22 04:13:53'),(2205,2,393,44,'2014-07-22 04:13:53','2014-07-22 04:13:53'),(2206,4,393,44,'2014-07-22 04:13:53','2014-07-22 04:13:53'),(2207,22,393,4,'2014-07-22 04:13:53','2014-07-22 04:13:53'),(2208,16,393,4,'2014-07-22 04:13:53','2014-07-22 04:13:53'),(2209,11,393,4,'2014-07-22 04:13:53','2014-07-22 04:13:53'),(2210,8,393,4,'2014-07-22 04:13:53','2014-07-22 04:13:53'),(2211,18,393,4,'2014-07-22 04:13:53','2014-07-22 04:13:53'),(2212,10,393,4,'2014-07-22 04:13:53','2014-07-22 04:13:53'),(2213,7,393,4,'2014-07-22 04:13:53','2014-07-22 04:13:53'),(2214,20,393,4,'2014-07-22 04:13:53','2014-07-22 04:13:53'),(2215,12,393,4,'2014-07-22 04:13:53','2014-07-22 04:13:53'),(2216,9,393,4,'2014-07-22 04:13:53','2014-07-22 04:13:53'),(2217,17,393,4,'2014-07-22 04:13:53','2014-07-22 04:13:53'),(2218,19,393,4,'2014-07-22 04:13:53','2014-07-22 04:13:53'),(2219,15,393,4,'2014-07-22 04:13:53','2014-07-22 04:13:53'),(2220,3,393,4,'2014-07-22 04:13:53','2014-07-22 04:13:53'),(2221,6,393,4,'2014-07-22 04:13:53','2014-07-22 04:13:53'),(2222,21,393,4,'2014-07-22 04:13:53','2014-07-22 04:13:53'),(2223,13,394,4,'2014-07-22 04:14:07','2014-07-22 04:14:07'),(2224,2,394,44,'2014-07-22 04:14:07','2014-07-22 04:14:07'),(2225,4,394,44,'2014-07-22 04:14:07','2014-07-22 04:14:07'),(2226,22,394,4,'2014-07-22 04:14:07','2014-07-22 04:14:07'),(2227,16,394,4,'2014-07-22 04:14:07','2014-07-22 04:14:07'),(2228,11,394,4,'2014-07-22 04:14:07','2014-07-22 04:14:07'),(2229,8,394,4,'2014-07-22 04:14:07','2014-07-22 04:14:07'),(2230,18,394,4,'2014-07-22 04:14:07','2014-07-22 04:14:07'),(2231,10,394,4,'2014-07-22 04:14:07','2014-07-22 04:14:07'),(2232,7,394,4,'2014-07-22 04:14:07','2014-07-22 04:14:07'),(2233,20,394,4,'2014-07-22 04:14:07','2014-07-22 04:14:07'),(2234,12,394,4,'2014-07-22 04:14:07','2014-07-22 04:14:07'),(2235,9,394,4,'2014-07-22 04:14:07','2014-07-22 04:14:07'),(2236,17,394,4,'2014-07-22 04:14:07','2014-07-22 04:14:07'),(2237,19,394,4,'2014-07-22 04:14:07','2014-07-22 04:14:07'),(2238,15,394,4,'2014-07-22 04:14:07','2014-07-22 04:14:07'),(2239,3,394,4,'2014-07-22 04:14:07','2014-07-22 04:14:07'),(2240,6,394,4,'2014-07-22 04:14:07','2014-07-22 04:14:07'),(2241,21,394,4,'2014-07-22 04:14:07','2014-07-22 04:14:07'),(2242,13,395,4,'2014-07-22 04:15:09','2014-07-22 04:15:09'),(2243,2,395,44,'2014-07-22 04:15:09','2014-07-22 04:15:09'),(2244,4,395,44,'2014-07-22 04:15:09','2014-07-22 04:15:09'),(2245,22,395,4,'2014-07-22 04:15:09','2014-07-22 04:15:09'),(2246,16,395,4,'2014-07-22 04:15:09','2014-07-22 04:15:09'),(2247,11,395,4,'2014-07-22 04:15:09','2014-07-22 04:15:09'),(2248,8,395,4,'2014-07-22 04:15:09','2014-07-22 04:15:09'),(2249,18,395,4,'2014-07-22 04:15:09','2014-07-22 04:15:09'),(2250,10,395,4,'2014-07-22 04:15:09','2014-07-22 04:15:09'),(2251,7,395,4,'2014-07-22 04:15:09','2014-07-22 04:15:09'),(2252,20,395,4,'2014-07-22 04:15:09','2014-07-22 04:15:09'),(2253,12,395,4,'2014-07-22 04:15:09','2014-07-22 04:15:09'),(2254,9,395,4,'2014-07-22 04:15:09','2014-07-22 04:15:09'),(2255,17,395,4,'2014-07-22 04:15:09','2014-07-22 04:15:09'),(2256,19,395,4,'2014-07-22 04:15:09','2014-07-22 04:15:09'),(2257,15,395,4,'2014-07-22 04:15:09','2014-07-22 04:15:09'),(2258,3,395,4,'2014-07-22 04:15:09','2014-07-22 04:15:09'),(2259,6,395,4,'2014-07-22 04:15:09','2014-07-22 04:15:09'),(2260,21,395,4,'2014-07-22 04:15:09','2014-07-22 04:15:09'),(2261,13,396,4,'2014-07-22 04:15:14','2014-07-22 04:15:14'),(2262,2,396,44,'2014-07-22 04:15:14','2014-07-22 04:15:14'),(2263,4,396,44,'2014-07-22 04:15:14','2014-07-22 04:15:14'),(2264,22,396,4,'2014-07-22 04:15:14','2014-07-22 04:15:14'),(2265,16,396,4,'2014-07-22 04:15:14','2014-07-22 04:15:14'),(2266,11,396,4,'2014-07-22 04:15:14','2014-07-22 04:15:14'),(2267,8,396,4,'2014-07-22 04:15:14','2014-07-22 04:15:14'),(2268,18,396,4,'2014-07-22 04:15:14','2014-07-22 04:15:14'),(2269,10,396,4,'2014-07-22 04:15:14','2014-07-22 04:15:14'),(2270,7,396,4,'2014-07-22 04:15:14','2014-07-22 04:15:14'),(2271,20,396,4,'2014-07-22 04:15:14','2014-07-22 04:15:14'),(2272,12,396,4,'2014-07-22 04:15:14','2014-07-22 04:15:14'),(2273,9,396,4,'2014-07-22 04:15:14','2014-07-22 04:15:14'),(2274,17,396,4,'2014-07-22 04:15:14','2014-07-22 04:15:14'),(2275,19,396,4,'2014-07-22 04:15:14','2014-07-22 04:15:14'),(2276,15,396,4,'2014-07-22 04:15:14','2014-07-22 04:15:14'),(2277,3,396,4,'2014-07-22 04:15:14','2014-07-22 04:15:14'),(2278,6,396,4,'2014-07-22 04:15:14','2014-07-22 04:15:14'),(2279,21,396,4,'2014-07-22 04:15:14','2014-07-22 04:15:14'),(2280,13,397,4,'2014-07-22 04:16:33','2014-07-22 04:16:33'),(2281,2,397,44,'2014-07-22 04:16:33','2014-07-22 04:16:33'),(2282,4,397,44,'2014-07-22 04:16:33','2014-07-22 04:16:33'),(2283,22,397,4,'2014-07-22 04:16:33','2014-07-22 04:16:33'),(2284,16,397,4,'2014-07-22 04:16:33','2014-07-22 04:16:33'),(2285,11,397,4,'2014-07-22 04:16:33','2014-07-22 04:16:33'),(2286,8,397,4,'2014-07-22 04:16:33','2014-07-22 04:16:33'),(2287,18,397,4,'2014-07-22 04:16:33','2014-07-22 04:16:33'),(2288,10,397,4,'2014-07-22 04:16:33','2014-07-22 04:16:33'),(2289,7,397,4,'2014-07-22 04:16:33','2014-07-22 04:16:33'),(2290,20,397,4,'2014-07-22 04:16:33','2014-07-22 04:16:33'),(2291,12,397,4,'2014-07-22 04:16:33','2014-07-22 04:16:33'),(2292,9,397,4,'2014-07-22 04:16:33','2014-07-22 04:16:33'),(2293,17,397,4,'2014-07-22 04:16:33','2014-07-22 04:16:33'),(2294,19,397,4,'2014-07-22 04:16:33','2014-07-22 04:16:33'),(2295,15,397,4,'2014-07-22 04:16:34','2014-07-22 04:16:34'),(2296,3,397,4,'2014-07-22 04:16:34','2014-07-22 04:16:34'),(2297,6,397,4,'2014-07-22 04:16:34','2014-07-22 04:16:34'),(2298,21,397,4,'2014-07-22 04:16:34','2014-07-22 04:16:34'),(2299,13,398,4,'2014-07-22 04:16:37','2014-07-22 04:16:37'),(2300,2,398,44,'2014-07-22 04:16:37','2014-07-22 04:16:37'),(2301,4,398,44,'2014-07-22 04:16:37','2014-07-22 04:16:37'),(2302,22,398,4,'2014-07-22 04:16:37','2014-07-22 04:16:37'),(2303,16,398,4,'2014-07-22 04:16:37','2014-07-22 04:16:37'),(2304,11,398,4,'2014-07-22 04:16:37','2014-07-22 04:16:37'),(2305,8,398,4,'2014-07-22 04:16:37','2014-07-22 04:16:37'),(2306,18,398,4,'2014-07-22 04:16:37','2014-07-22 04:16:37'),(2307,10,398,4,'2014-07-22 04:16:37','2014-07-22 04:16:37'),(2308,7,398,4,'2014-07-22 04:16:37','2014-07-22 04:16:37'),(2309,20,398,4,'2014-07-22 04:16:37','2014-07-22 04:16:37'),(2310,12,398,4,'2014-07-22 04:16:37','2014-07-22 04:16:37'),(2311,9,398,4,'2014-07-22 04:16:37','2014-07-22 04:16:37'),(2312,17,398,4,'2014-07-22 04:16:37','2014-07-22 04:16:37'),(2313,19,398,4,'2014-07-22 04:16:37','2014-07-22 04:16:37'),(2314,15,398,4,'2014-07-22 04:16:37','2014-07-22 04:16:37'),(2315,3,398,4,'2014-07-22 04:16:37','2014-07-22 04:16:37'),(2316,6,398,4,'2014-07-22 04:16:37','2014-07-22 04:16:37'),(2317,21,398,4,'2014-07-22 04:16:37','2014-07-22 04:16:37'),(2318,13,399,4,'2014-07-22 04:16:41','2014-07-22 04:16:41'),(2319,2,399,44,'2014-07-22 04:16:41','2014-07-22 04:16:41'),(2320,4,399,44,'2014-07-22 04:16:41','2014-07-22 04:16:41'),(2321,22,399,4,'2014-07-22 04:16:41','2014-07-22 04:16:41'),(2322,16,399,4,'2014-07-22 04:16:41','2014-07-22 04:16:41'),(2323,11,399,4,'2014-07-22 04:16:41','2014-07-22 04:16:41'),(2324,8,399,4,'2014-07-22 04:16:41','2014-07-22 04:16:41'),(2325,18,399,4,'2014-07-22 04:16:41','2014-07-22 04:16:41'),(2326,10,399,4,'2014-07-22 04:16:41','2014-07-22 04:16:41'),(2327,7,399,4,'2014-07-22 04:16:41','2014-07-22 04:16:41'),(2328,20,399,4,'2014-07-22 04:16:41','2014-07-22 04:16:41'),(2329,12,399,4,'2014-07-22 04:16:41','2014-07-22 04:16:41'),(2330,9,399,4,'2014-07-22 04:16:41','2014-07-22 04:16:41'),(2331,17,399,4,'2014-07-22 04:16:41','2014-07-22 04:16:41'),(2332,19,399,4,'2014-07-22 04:16:41','2014-07-22 04:16:41'),(2333,15,399,4,'2014-07-22 04:16:41','2014-07-22 04:16:41'),(2334,3,399,4,'2014-07-22 04:16:41','2014-07-22 04:16:41'),(2335,6,399,4,'2014-07-22 04:16:41','2014-07-22 04:16:41'),(2336,21,399,4,'2014-07-22 04:16:41','2014-07-22 04:16:41'),(2337,13,400,4,'2014-07-22 04:16:45','2014-07-22 04:16:45'),(2338,2,400,44,'2014-07-22 04:16:46','2014-07-22 04:16:46'),(2339,4,400,44,'2014-07-22 04:16:46','2014-07-22 04:16:46'),(2340,22,400,4,'2014-07-22 04:16:46','2014-07-22 04:16:46'),(2341,16,400,4,'2014-07-22 04:16:46','2014-07-22 04:16:46'),(2342,11,400,4,'2014-07-22 04:16:46','2014-07-22 04:16:46'),(2343,8,400,4,'2014-07-22 04:16:46','2014-07-22 04:16:46'),(2344,18,400,4,'2014-07-22 04:16:46','2014-07-22 04:16:46'),(2345,10,400,4,'2014-07-22 04:16:46','2014-07-22 04:16:46'),(2346,7,400,4,'2014-07-22 04:16:46','2014-07-22 04:16:46'),(2347,20,400,4,'2014-07-22 04:16:46','2014-07-22 04:16:46'),(2348,12,400,4,'2014-07-22 04:16:46','2014-07-22 04:16:46'),(2349,9,400,4,'2014-07-22 04:16:46','2014-07-22 04:16:46'),(2350,17,400,4,'2014-07-22 04:16:46','2014-07-22 04:16:46'),(2351,19,400,4,'2014-07-22 04:16:46','2014-07-22 04:16:46'),(2352,15,400,4,'2014-07-22 04:16:46','2014-07-22 04:16:46'),(2353,3,400,4,'2014-07-22 04:16:46','2014-07-22 04:16:46'),(2354,6,400,4,'2014-07-22 04:16:46','2014-07-22 04:16:46'),(2355,21,400,4,'2014-07-22 04:16:46','2014-07-22 04:16:46'),(2356,13,401,4,'2014-07-22 04:16:49','2014-07-22 04:16:49'),(2357,2,401,44,'2014-07-22 04:16:49','2014-07-22 04:16:49'),(2358,4,401,44,'2014-07-22 04:16:49','2014-07-22 04:16:49'),(2359,22,401,4,'2014-07-22 04:16:49','2014-07-22 04:16:49'),(2360,16,401,4,'2014-07-22 04:16:49','2014-07-22 04:16:49'),(2361,11,401,4,'2014-07-22 04:16:49','2014-07-22 04:16:49'),(2362,8,401,4,'2014-07-22 04:16:49','2014-07-22 04:16:49'),(2363,18,401,4,'2014-07-22 04:16:49','2014-07-22 04:16:49'),(2364,10,401,4,'2014-07-22 04:16:49','2014-07-22 04:16:49'),(2365,7,401,4,'2014-07-22 04:16:49','2014-07-22 04:16:49'),(2366,20,401,4,'2014-07-22 04:16:49','2014-07-22 04:16:49'),(2367,12,401,4,'2014-07-22 04:16:49','2014-07-22 04:16:49'),(2368,9,401,4,'2014-07-22 04:16:49','2014-07-22 04:16:49'),(2369,17,401,4,'2014-07-22 04:16:49','2014-07-22 04:16:49'),(2370,19,401,4,'2014-07-22 04:16:49','2014-07-22 04:16:49'),(2371,15,401,4,'2014-07-22 04:16:49','2014-07-22 04:16:49'),(2372,3,401,4,'2014-07-22 04:16:49','2014-07-22 04:16:49'),(2373,6,401,4,'2014-07-22 04:16:49','2014-07-22 04:16:49'),(2374,21,401,4,'2014-07-22 04:16:49','2014-07-22 04:16:49'),(2375,13,402,4,'2014-07-22 04:17:50','2014-07-22 04:17:50'),(2376,2,402,44,'2014-07-22 04:17:50','2014-07-22 04:17:50'),(2377,4,402,44,'2014-07-22 04:17:50','2014-07-22 04:17:50'),(2378,22,402,4,'2014-07-22 04:17:50','2014-07-22 04:17:50'),(2379,16,402,4,'2014-07-22 04:17:50','2014-07-22 04:17:50'),(2380,11,402,4,'2014-07-22 04:17:50','2014-07-22 04:17:50'),(2381,8,402,4,'2014-07-22 04:17:50','2014-07-22 04:17:50'),(2382,18,402,4,'2014-07-22 04:17:50','2014-07-22 04:17:50'),(2383,10,402,4,'2014-07-22 04:17:50','2014-07-22 04:17:50'),(2384,7,402,4,'2014-07-22 04:17:50','2014-07-22 04:17:50'),(2385,20,402,4,'2014-07-22 04:17:50','2014-07-22 04:17:50'),(2386,12,402,4,'2014-07-22 04:17:50','2014-07-22 04:17:50'),(2387,9,402,4,'2014-07-22 04:17:50','2014-07-22 04:17:50'),(2388,17,402,4,'2014-07-22 04:17:50','2014-07-22 04:17:50'),(2389,19,402,4,'2014-07-22 04:17:50','2014-07-22 04:17:50'),(2390,15,402,4,'2014-07-22 04:17:50','2014-07-22 04:17:50'),(2391,3,402,4,'2014-07-22 04:17:50','2014-07-22 04:17:50'),(2392,6,402,4,'2014-07-22 04:17:50','2014-07-22 04:17:50'),(2393,21,402,4,'2014-07-22 04:17:50','2014-07-22 04:17:50'),(2394,13,403,4,'2014-07-22 04:17:55','2014-07-22 04:17:55'),(2395,2,403,44,'2014-07-22 04:17:55','2014-07-22 04:17:55'),(2396,4,403,44,'2014-07-22 04:17:55','2014-07-22 04:17:55'),(2397,22,403,4,'2014-07-22 04:17:55','2014-07-22 04:17:55'),(2398,16,403,4,'2014-07-22 04:17:55','2014-07-22 04:17:55'),(2399,11,403,4,'2014-07-22 04:17:55','2014-07-22 04:17:55'),(2400,8,403,4,'2014-07-22 04:17:55','2014-07-22 04:17:55'),(2401,18,403,4,'2014-07-22 04:17:55','2014-07-22 04:17:55'),(2402,10,403,4,'2014-07-22 04:17:55','2014-07-22 04:17:55'),(2403,7,403,4,'2014-07-22 04:17:55','2014-07-22 04:17:55'),(2404,20,403,4,'2014-07-22 04:17:55','2014-07-22 04:17:55'),(2405,12,403,4,'2014-07-22 04:17:55','2014-07-22 04:17:55'),(2406,9,403,4,'2014-07-22 04:17:55','2014-07-22 04:17:55'),(2407,17,403,4,'2014-07-22 04:17:55','2014-07-22 04:17:55'),(2408,19,403,4,'2014-07-22 04:17:55','2014-07-22 04:17:55'),(2409,15,403,4,'2014-07-22 04:17:55','2014-07-22 04:17:55'),(2410,3,403,4,'2014-07-22 04:17:55','2014-07-22 04:17:55'),(2411,6,403,4,'2014-07-22 04:17:55','2014-07-22 04:17:55'),(2412,21,403,4,'2014-07-22 04:17:55','2014-07-22 04:17:55'),(2413,13,404,4,'2014-07-22 04:18:00','2014-07-22 04:18:00'),(2414,2,404,44,'2014-07-22 04:18:00','2014-07-22 04:18:00'),(2415,4,404,44,'2014-07-22 04:18:00','2014-07-22 04:18:00'),(2416,22,404,4,'2014-07-22 04:18:00','2014-07-22 04:18:00'),(2417,16,404,4,'2014-07-22 04:18:00','2014-07-22 04:18:00'),(2418,11,404,4,'2014-07-22 04:18:00','2014-07-22 04:18:00'),(2419,8,404,4,'2014-07-22 04:18:00','2014-07-22 04:18:00'),(2420,18,404,4,'2014-07-22 04:18:00','2014-07-22 04:18:00'),(2421,10,404,4,'2014-07-22 04:18:00','2014-07-22 04:18:00'),(2422,7,404,4,'2014-07-22 04:18:00','2014-07-22 04:18:00'),(2423,20,404,4,'2014-07-22 04:18:00','2014-07-22 04:18:00'),(2424,12,404,4,'2014-07-22 04:18:00','2014-07-22 04:18:00'),(2425,9,404,4,'2014-07-22 04:18:00','2014-07-22 04:18:00'),(2426,17,404,4,'2014-07-22 04:18:00','2014-07-22 04:18:00'),(2427,19,404,4,'2014-07-22 04:18:00','2014-07-22 04:18:00'),(2428,15,404,4,'2014-07-22 04:18:00','2014-07-22 04:18:00'),(2429,3,404,4,'2014-07-22 04:18:00','2014-07-22 04:18:00'),(2430,6,404,4,'2014-07-22 04:18:00','2014-07-22 04:18:00'),(2431,21,404,4,'2014-07-22 04:18:00','2014-07-22 04:18:00'),(2432,13,405,4,'2014-07-22 04:18:03','2014-07-22 04:18:03'),(2433,2,405,44,'2014-07-22 04:18:03','2014-07-22 04:18:03'),(2434,4,405,44,'2014-07-22 04:18:03','2014-07-22 04:18:03'),(2435,22,405,4,'2014-07-22 04:18:03','2014-07-22 04:18:03'),(2436,16,405,4,'2014-07-22 04:18:03','2014-07-22 04:18:03'),(2437,11,405,4,'2014-07-22 04:18:03','2014-07-22 04:18:03'),(2438,8,405,4,'2014-07-22 04:18:03','2014-07-22 04:18:03'),(2439,18,405,4,'2014-07-22 04:18:03','2014-07-22 04:18:03'),(2440,10,405,4,'2014-07-22 04:18:03','2014-07-22 04:18:03'),(2441,7,405,4,'2014-07-22 04:18:03','2014-07-22 04:18:03'),(2442,20,405,4,'2014-07-22 04:18:03','2014-07-22 04:18:03'),(2443,12,405,4,'2014-07-22 04:18:03','2014-07-22 04:18:03'),(2444,9,405,4,'2014-07-22 04:18:03','2014-07-22 04:18:03'),(2445,17,405,4,'2014-07-22 04:18:03','2014-07-22 04:18:03'),(2446,19,405,4,'2014-07-22 04:18:03','2014-07-22 04:18:03'),(2447,15,405,4,'2014-07-22 04:18:03','2014-07-22 04:18:03'),(2448,3,405,4,'2014-07-22 04:18:03','2014-07-22 04:18:03'),(2449,6,405,4,'2014-07-22 04:18:03','2014-07-22 04:18:03'),(2450,21,405,4,'2014-07-22 04:18:03','2014-07-22 04:18:03'),(2451,13,406,4,'2014-07-22 04:18:14','2014-07-22 04:18:14'),(2452,2,406,44,'2014-07-22 04:18:14','2014-07-22 04:18:14'),(2453,4,406,44,'2014-07-22 04:18:14','2014-07-22 04:18:14'),(2454,22,406,4,'2014-07-22 04:18:14','2014-07-22 04:18:14'),(2455,16,406,4,'2014-07-22 04:18:14','2014-07-22 04:18:14'),(2456,11,406,4,'2014-07-22 04:18:14','2014-07-22 04:18:14'),(2457,8,406,4,'2014-07-22 04:18:14','2014-07-22 04:18:14'),(2458,18,406,4,'2014-07-22 04:18:14','2014-07-22 04:18:14'),(2459,10,406,4,'2014-07-22 04:18:14','2014-07-22 04:18:14'),(2460,7,406,4,'2014-07-22 04:18:14','2014-07-22 04:18:14'),(2461,20,406,4,'2014-07-22 04:18:14','2014-07-22 04:18:14'),(2462,12,406,4,'2014-07-22 04:18:14','2014-07-22 04:18:14'),(2463,9,406,4,'2014-07-22 04:18:14','2014-07-22 04:18:14'),(2464,17,406,4,'2014-07-22 04:18:14','2014-07-22 04:18:14'),(2465,19,406,4,'2014-07-22 04:18:14','2014-07-22 04:18:14'),(2466,15,406,4,'2014-07-22 04:18:14','2014-07-22 04:18:14'),(2467,3,406,4,'2014-07-22 04:18:14','2014-07-22 04:18:14'),(2468,6,406,4,'2014-07-22 04:18:14','2014-07-22 04:18:14'),(2469,21,406,4,'2014-07-22 04:18:14','2014-07-22 04:18:14'),(2470,13,407,4,'2014-07-22 04:18:27','2014-07-22 04:18:27'),(2471,2,407,44,'2014-07-22 04:18:27','2014-07-22 04:18:27'),(2472,4,407,44,'2014-07-22 04:18:27','2014-07-22 04:18:27'),(2473,22,407,4,'2014-07-22 04:18:27','2014-07-22 04:18:27'),(2474,16,407,4,'2014-07-22 04:18:27','2014-07-22 04:18:27'),(2475,11,407,4,'2014-07-22 04:18:27','2014-07-22 04:18:27'),(2476,8,407,4,'2014-07-22 04:18:27','2014-07-22 04:18:27'),(2477,18,407,4,'2014-07-22 04:18:27','2014-07-22 04:18:27'),(2478,10,407,4,'2014-07-22 04:18:27','2014-07-22 04:18:27'),(2479,7,407,4,'2014-07-22 04:18:27','2014-07-22 04:18:27'),(2480,20,407,4,'2014-07-22 04:18:27','2014-07-22 04:18:27'),(2481,12,407,4,'2014-07-22 04:18:27','2014-07-22 04:18:27'),(2482,9,407,4,'2014-07-22 04:18:27','2014-07-22 04:18:27'),(2483,17,407,4,'2014-07-22 04:18:27','2014-07-22 04:18:27'),(2484,19,407,4,'2014-07-22 04:18:27','2014-07-22 04:18:27'),(2485,15,407,4,'2014-07-22 04:18:27','2014-07-22 04:18:27'),(2486,3,407,4,'2014-07-22 04:18:27','2014-07-22 04:18:27'),(2487,6,407,4,'2014-07-22 04:18:27','2014-07-22 04:18:27'),(2488,21,407,4,'2014-07-22 04:18:27','2014-07-22 04:18:27'),(2489,23,408,199,'2014-07-24 11:07:15','2014-07-24 11:07:15'),(2490,13,408,199,'2014-07-24 11:07:15','2014-07-24 11:07:15'),(2491,23,409,205,'2014-07-24 11:08:13','2014-07-24 11:08:13'),(2492,2,409,199,'2014-07-24 11:08:13','2014-07-24 11:08:13'),(2493,23,410,200,'2014-07-25 11:09:09','2014-07-25 11:09:09'),(2494,2,410,10,'2014-07-25 11:09:09','2014-07-25 11:09:09'),(2495,23,411,200,'2014-07-25 03:07:55','2014-07-25 03:07:55'),(2496,2,411,10,'2014-07-25 03:07:55','2014-07-25 03:07:55'),(2497,23,412,200,'2014-07-25 03:08:02','2014-07-25 03:08:02'),(2498,2,412,10,'2014-07-25 03:08:02','2014-07-25 03:08:02'),(2499,23,413,200,'2014-07-25 03:08:59','2014-07-25 03:08:59'),(2500,2,413,10,'2014-07-25 03:08:59','2014-07-25 03:08:59'),(2522,23,414,180,'2014-07-25 03:16:25','2014-07-25 03:16:25'),(2523,13,414,1,'2014-07-25 03:16:25','2014-07-25 03:16:25'),(2524,2,414,10,'2014-07-25 03:16:25','2014-07-25 03:16:25'),(2525,4,414,1,'2014-07-25 03:16:25','2014-07-25 03:16:25'),(2526,22,414,1,'2014-07-25 03:16:25','2014-07-25 03:16:25'),(2527,16,414,1,'2014-07-25 03:16:25','2014-07-25 03:16:25'),(2528,11,414,1,'2014-07-25 03:16:25','2014-07-25 03:16:25'),(2529,8,414,1,'2014-07-25 03:16:25','2014-07-25 03:16:25'),(2530,18,414,1,'2014-07-25 03:16:25','2014-07-25 03:16:25'),(2531,10,414,1,'2014-07-25 03:16:25','2014-07-25 03:16:25'),(2532,7,414,1,'2014-07-25 03:16:25','2014-07-25 03:16:25'),(2533,20,414,1,'2014-07-25 03:16:25','2014-07-25 03:16:25'),(2534,23,417,555,'2014-07-26 11:13:26','2014-07-26 11:13:26'),(2535,23,419,200,'2014-07-27 03:15:32','2014-07-27 03:15:32'),(2536,23,420,200,'2014-07-27 03:36:52','2014-07-27 03:36:52'),(2538,23,421,200,'2014-08-04 10:04:35','2014-08-04 10:04:35'),(2539,23,422,200,'2014-08-04 14:07:07','2014-08-04 14:07:07'),(2540,23,423,200,'2014-08-14 13:15:09','2014-08-14 13:15:09'),(2541,23,424,180,'2014-08-14 13:15:16','2014-08-14 13:15:16'),(2542,13,424,1,'2014-08-14 13:15:16','2014-08-14 13:15:16'),(2543,2,424,10,'2014-08-14 13:15:16','2014-08-14 13:15:16'),(2544,4,424,1,'2014-08-14 13:15:16','2014-08-14 13:15:16'),(2545,22,424,1,'2014-08-14 13:15:16','2014-08-14 13:15:16'),(2546,16,424,1,'2014-08-14 13:15:16','2014-08-14 13:15:16'),(2547,11,424,1,'2014-08-14 13:15:16','2014-08-14 13:15:16'),(2548,8,424,1,'2014-08-14 13:15:16','2014-08-14 13:15:16'),(2549,18,424,1,'2014-08-14 13:15:16','2014-08-14 13:15:16'),(2550,10,424,1,'2014-08-14 13:15:16','2014-08-14 13:15:16'),(2551,7,424,1,'2014-08-14 13:15:16','2014-08-14 13:15:16'),(2552,20,424,1,'2014-08-14 13:15:16','2014-08-14 13:15:16'),(2553,23,425,180,'2014-08-17 03:45:45','2014-08-17 03:45:45'),(2554,13,425,1,'2014-08-17 03:45:45','2014-08-17 03:45:45'),(2555,2,425,10,'2014-08-17 03:45:45','2014-08-17 03:45:45'),(2556,4,425,1,'2014-08-17 03:45:45','2014-08-17 03:45:45'),(2557,22,425,1,'2014-08-17 03:45:45','2014-08-17 03:45:45'),(2558,16,425,1,'2014-08-17 03:45:45','2014-08-17 03:45:45'),(2559,11,425,1,'2014-08-17 03:45:45','2014-08-17 03:45:45'),(2560,8,425,1,'2014-08-17 03:45:45','2014-08-17 03:45:45'),(2561,18,425,1,'2014-08-17 03:45:45','2014-08-17 03:45:45'),(2562,10,425,1,'2014-08-17 03:45:45','2014-08-17 03:45:45'),(2563,7,425,1,'2014-08-17 03:45:45','2014-08-17 03:45:45'),(2564,20,425,1,'2014-08-17 03:45:45','2014-08-17 03:45:45'),(2565,23,426,200,'2014-08-17 03:47:01','2014-08-17 03:47:01'),(2566,24,NULL,NULL,'2014-08-21 10:36:12','2014-08-21 11:58:41'),(2579,23,427,180,'2014-08-31 03:37:50','2014-08-31 03:37:50'),(2580,13,427,1,'2014-08-31 03:37:50','2014-08-31 03:37:50'),(2581,2,427,10,'2014-08-31 03:37:50','2014-08-31 03:37:50'),(2582,4,427,1,'2014-08-31 03:37:50','2014-08-31 03:37:50'),(2583,22,427,1,'2014-08-31 03:37:50','2014-08-31 03:37:50'),(2584,16,427,1,'2014-08-31 03:37:50','2014-08-31 03:37:50'),(2585,11,427,1,'2014-08-31 03:37:50','2014-08-31 03:37:50'),(2586,8,427,1,'2014-08-31 03:37:50','2014-08-31 03:37:50'),(2587,18,427,1,'2014-08-31 03:37:50','2014-08-31 03:37:50'),(2588,10,427,1,'2014-08-31 03:37:50','2014-08-31 03:37:50'),(2589,7,427,1,'2014-08-31 03:37:50','2014-08-31 03:37:50'),(2590,20,427,1,'2014-08-31 03:37:50','2014-08-31 03:37:50'),(2594,23,429,180,'2014-09-08 09:12:10','2014-09-08 09:12:10'),(2595,13,429,1,'2014-09-08 09:12:10','2014-09-08 09:12:10'),(2596,2,429,10,'2014-09-08 09:12:10','2014-09-08 09:12:10'),(2597,4,429,1,'2014-09-08 09:12:10','2014-09-08 09:12:10'),(2598,22,429,1,'2014-09-08 09:12:10','2014-09-08 09:12:10'),(2599,16,429,1,'2014-09-08 09:12:10','2014-09-08 09:12:10'),(2600,11,429,1,'2014-09-08 09:12:10','2014-09-08 09:12:10'),(2601,8,429,1,'2014-09-08 09:12:10','2014-09-08 09:12:10'),(2602,18,429,1,'2014-09-08 09:12:10','2014-09-08 09:12:10'),(2603,10,429,1,'2014-09-08 09:12:10','2014-09-08 09:12:10'),(2604,7,429,1,'2014-09-08 09:12:10','2014-09-08 09:12:10'),(2605,20,429,1,'2014-09-08 09:12:10','2014-09-08 09:12:10'),(2606,23,430,190,'2014-09-08 09:17:15','2014-09-08 09:17:15');
/*!40000 ALTER TABLE `lots` ENABLE KEYS */;
UNLOCK TABLES;

--
-- Table structure for table `orders`
--

DROP TABLE IF EXISTS `orders`;
/*!40101 SET @saved_cs_client     = @@character_set_client */;
/*!40101 SET character_set_client = utf8 */;
CREATE TABLE `orders` (
  `id` int(11) NOT NULL AUTO_INCREMENT,
  `user_id` int(11) DEFAULT NULL,
  `deliver_at` date DEFAULT NULL,
  `expeditor` int(11) DEFAULT NULL,
  `delivered` date DEFAULT NULL,
  `region` int(11) DEFAULT '1',
  `comment` varchar(255) COLLATE utf8_unicode_ci DEFAULT NULL,
  `q_box` int(11) DEFAULT NULL,
  `created_at` datetime DEFAULT NULL,
  `updated_at` datetime DEFAULT NULL,
  PRIMARY KEY (`id`),
  KEY `index_orders_on_deliver_at` (`deliver_at`),
  KEY `index_orders_on_delivered` (`delivered`),
  KEY `index_orders_on_expeditor` (`expeditor`),
  KEY `index_orders_on_region` (`region`),
  KEY `index_orders_on_user_id` (`user_id`)
) ENGINE=InnoDB AUTO_INCREMENT=431 DEFAULT CHARSET=utf8 COLLATE=utf8_unicode_ci;
/*!40101 SET character_set_client = @saved_cs_client */;

--
-- Dumping data for table `orders`
--

LOCK TABLES `orders` WRITE;
/*!40000 ALTER TABLE `orders` DISABLE KEYS */;
INSERT INTO `orders` VALUES (1,4,'2013-12-14',3,'2014-04-29',1,NULL,6,'2013-12-13 09:41:20','2013-12-13 09:41:20'),(2,4,'2013-12-15',3,'2014-04-29',1,NULL,12,'2013-12-13 09:41:44','2013-12-13 09:41:44'),(3,4,'2013-12-17',3,'2014-04-29',1,NULL,3,'2013-12-16 13:56:27','2013-12-16 13:56:27'),(4,4,'2013-12-17',3,'2014-04-29',1,NULL,6,'2013-12-16 13:56:41','2013-12-16 13:56:41'),(5,4,'2013-12-18',3,'2014-04-29',1,NULL,9,'2013-12-17 05:49:43','2013-12-17 05:49:43'),(6,4,'2013-12-18',3,'2014-04-29',1,NULL,8,'2013-12-17 05:50:07','2013-12-17 05:50:07'),(7,4,'2013-12-19',3,'2014-04-29',1,NULL,15,'2013-12-18 05:42:46','2013-12-18 05:42:46'),(8,4,'2013-12-19',3,'2014-04-29',1,NULL,10,'2013-12-18 05:43:29','2013-12-18 05:43:29'),(9,4,'2013-12-20',3,'2014-04-29',1,NULL,3,'2013-12-19 09:21:07','2013-12-19 09:21:07'),(10,4,'2013-12-25',3,'2014-04-29',1,NULL,3,'2013-12-24 07:23:08','2013-12-24 07:23:08'),(11,4,'2013-12-25',3,'2014-04-29',1,NULL,6,'2013-12-24 07:23:28','2013-12-24 07:23:28'),(12,4,'2013-12-26',3,'2014-04-29',1,NULL,3,'2013-12-25 06:56:26','2013-12-25 06:56:26'),(13,4,'2013-12-26',3,'2014-04-29',1,NULL,6,'2013-12-25 06:56:48','2013-12-25 06:56:48'),(14,4,'2013-12-27',3,'2014-04-29',1,NULL,3,'2013-12-26 07:17:06','2013-12-26 07:17:06'),(15,4,'2013-12-27',3,'2014-04-29',1,NULL,4,'2013-12-26 07:17:21','2013-12-26 07:17:21'),(16,4,'2013-12-28',3,'2014-04-29',1,NULL,15,'2013-12-27 06:26:11','2013-12-27 06:26:11'),(17,4,'2013-12-28',3,'2014-04-29',1,NULL,9,'2013-12-27 06:26:25','2013-12-27 06:26:25'),(18,4,'2014-01-14',3,'2014-04-29',1,NULL,3,'2014-01-13 06:10:04','2014-01-13 06:10:04'),(19,4,'2014-01-14',3,'2014-04-29',1,NULL,6,'2014-01-13 06:10:26','2014-01-13 06:10:26'),(21,4,'2014-04-23',3,'2014-04-29',1,NULL,10,'2014-04-22 08:24:56','2014-04-22 08:24:56'),(22,4,'2014-04-23',3,'2014-04-29',1,NULL,4,'2014-04-22 08:33:46','2014-04-22 08:33:46'),(23,4,'2014-04-24',3,'2014-04-29',1,NULL,4,'2014-04-23 11:24:13','2014-04-23 11:24:13'),(25,4,'2014-04-24',3,'2014-04-29',1,NULL,8,'2014-04-23 13:42:42','2014-04-23 13:42:42'),(26,4,'2014-04-24',3,'2014-04-29',1,NULL,2,'2014-04-24 08:42:47','2014-04-24 08:42:47'),(27,4,'2014-04-25',3,'2014-04-29',1,NULL,2,'2014-04-24 08:46:46','2014-04-24 08:46:46'),(28,4,'2014-04-25',3,'2014-04-29',1,NULL,10,'2014-04-24 08:50:36','2014-04-24 08:50:36'),(29,4,'2014-04-25',3,'2014-04-29',1,NULL,1,'2014-04-24 08:50:47','2014-04-24 08:50:47'),(30,4,'2014-04-25',3,'2014-04-29',1,NULL,55,'2014-04-24 08:51:04','2014-04-24 08:51:04'),(31,4,'2014-04-26',3,'2014-04-29',1,NULL,55,'2014-04-25 06:59:00','2014-04-25 06:59:00'),(32,4,'2014-04-26',3,'2014-04-29',1,NULL,1,'2014-04-25 06:59:11','2014-04-25 06:59:11'),(33,4,'2014-04-26',3,'2014-04-29',1,NULL,10,'2014-04-25 06:59:18','2014-04-25 06:59:18'),(34,4,'2014-04-27',3,'2014-04-29',1,NULL,10,'2014-04-26 11:17:28','2014-04-26 11:17:28'),(35,4,'2014-04-27',3,'2014-04-29',1,NULL,55,'2014-04-26 11:17:42','2014-04-26 11:17:42'),(36,4,'2014-04-28',NULL,'2014-04-28',1,NULL,55,'2014-04-27 05:05:54','2014-04-27 05:05:54'),(37,4,'2014-04-28',NULL,'2014-04-28',1,NULL,55,'2014-04-27 05:05:54','2014-04-27 05:05:54'),(39,4,'2014-04-28',NULL,'2014-04-28',1,NULL,1,'2014-04-27 05:06:12','2014-04-27 05:06:12'),(40,4,'2014-04-28',NULL,'2014-04-28',1,NULL,1,'2014-04-27 05:06:12','2014-04-27 05:06:12'),(41,4,'2014-04-28',NULL,'2014-04-28',1,NULL,2,'2014-04-27 06:20:17','2014-04-27 06:20:17'),(42,4,'2014-04-28',3,'2014-04-29',1,NULL,8,'2014-04-27 11:56:46','2014-04-27 11:56:46'),(43,4,'2014-04-28',3,'2014-04-29',1,NULL,4,'2014-04-27 11:57:18','2014-04-27 11:57:18'),(44,4,'2014-04-29',NULL,'2014-04-29',1,NULL,2,'2014-04-28 05:43:27','2014-04-28 05:43:27'),(45,4,'2014-04-29',NULL,'2014-04-29',1,NULL,6,'2014-04-28 05:43:47','2014-04-28 05:43:47'),(46,1,'2014-04-29',NULL,'2014-04-29',1,NULL,6,'2014-04-28 05:44:10','2014-04-28 05:44:10'),(47,4,'2014-04-29',3,'2014-04-29',1,NULL,2,'2014-04-28 06:26:02','2014-04-28 06:26:02'),(48,1,'2014-04-29',3,'2014-04-29',1,NULL,6,'2014-04-28 06:32:12','2014-04-28 06:32:12'),(49,1,'2014-04-29',3,'2014-04-29',1,NULL,6,'2014-04-28 06:32:32','2014-04-28 06:32:32'),(50,4,'2014-04-29',3,'2014-04-29',1,NULL,2,'2014-04-28 06:32:45','2014-04-28 06:32:45'),(51,4,'2014-04-29',3,'2014-04-29',1,NULL,6,'2014-04-28 06:32:56','2014-04-28 06:32:56'),(52,4,'2014-04-29',3,'2014-04-29',1,NULL,6,'2014-04-28 07:05:07','2014-04-28 07:05:07'),(53,4,'2014-04-29',3,'2014-04-29',1,NULL,12,'2014-04-28 07:16:09','2014-04-28 07:16:09'),(54,1,'2014-04-29',3,'2014-04-29',1,NULL,6,'2014-04-28 07:17:50','2014-04-28 07:17:50'),(55,1,'2014-04-29',3,'2014-04-29',1,NULL,6,'2014-04-28 07:17:57','2014-04-28 07:17:57'),(56,4,'2014-04-29',3,'2014-04-29',1,NULL,12,'2014-04-28 07:28:54','2014-04-28 07:28:54'),(57,4,'2014-04-29',3,'2014-04-29',1,NULL,6,'2014-04-28 07:29:00','2014-04-28 07:29:00'),(58,4,'2014-04-29',3,'2014-04-29',1,NULL,6,'2014-04-28 07:48:09','2014-04-28 07:48:09'),(59,4,'2014-04-29',3,'2014-04-29',1,NULL,6,'2014-04-28 08:04:15','2014-04-28 08:04:15'),(60,4,'2014-04-29',3,'2014-04-29',1,NULL,12,'2014-04-28 08:06:58','2014-04-28 08:06:58'),(61,4,'2014-04-29',3,'2014-04-29',1,NULL,2,'2014-04-28 08:08:37','2014-04-28 08:08:37'),(62,4,'2014-04-29',3,'2014-04-29',1,NULL,6,'2014-04-28 08:08:46','2014-04-28 08:08:46'),(63,1,'2014-04-29',3,'2014-04-29',1,NULL,6,'2014-04-28 08:37:05','2014-04-28 08:37:05'),(64,1,'2014-04-29',3,'2014-04-29',1,NULL,1,'2014-04-28 08:37:17','2014-04-28 08:37:17'),(65,1,'2014-04-29',3,'2014-04-29',1,NULL,11,'2014-04-28 08:37:25','2014-04-28 08:37:25'),(66,4,'2014-04-29',3,'2014-04-29',1,NULL,1,'2014-04-28 08:37:45','2014-04-28 08:37:45'),(67,4,'2014-04-29',3,'2014-04-29',1,NULL,11,'2014-04-28 08:37:55','2014-04-28 08:37:55'),(68,4,'2014-04-29',3,'2014-04-29',1,NULL,1,'2014-04-28 11:30:14','2014-04-28 11:30:14'),(69,4,'2014-04-29',3,'2014-04-29',1,NULL,11,'2014-04-28 11:30:20','2014-04-28 11:30:20'),(70,1,'2014-04-29',3,'2014-04-29',1,NULL,1,'2014-04-28 11:43:46','2014-04-28 11:43:46'),(71,1,'2014-04-29',3,'2014-04-29',1,NULL,1,'2014-04-28 11:43:57','2014-04-28 11:43:57'),(72,1,'2014-04-30',3,'2014-04-29',1,NULL,2,'2014-04-28 11:44:08','2014-04-28 11:44:08'),(73,1,'2014-04-29',3,'2014-04-29',1,NULL,55,'2014-04-28 11:50:27','2014-04-28 11:50:27'),(74,4,'2014-04-29',3,'2014-04-29',1,NULL,11,'2014-04-28 11:57:59','2014-04-28 11:57:59'),(75,4,'2014-04-29',3,'2014-04-29',1,NULL,11,'2014-04-28 12:16:07','2014-04-28 12:16:07'),(76,4,'2014-04-29',3,'2014-04-29',1,NULL,11,'2014-04-28 12:17:52','2014-04-28 12:17:52'),(77,4,'2014-04-29',3,'2014-04-29',1,NULL,11,'2014-04-28 12:17:58','2014-04-28 12:17:58'),(78,1,'2014-04-29',3,'2014-04-29',1,NULL,55,'2014-04-28 12:18:15','2014-04-28 12:18:15'),(79,4,'2014-04-30',3,'2014-04-29',1,NULL,11,'2014-04-29 04:39:47','2014-04-29 04:39:47'),(80,4,'2014-04-30',3,'2014-04-29',1,NULL,1,'2014-04-29 04:39:58','2014-04-29 04:39:58'),(81,4,'2014-04-30',3,'2014-04-30',1,NULL,1,'2014-04-29 07:01:30','2014-04-29 07:01:30'),(82,4,'2014-04-30',3,'2014-04-30',1,NULL,11,'2014-04-29 07:01:43','2014-04-29 07:01:43'),(83,4,'2014-04-30',3,'2014-04-30',1,NULL,14,'2014-04-29 08:45:47','2014-04-29 08:45:47'),(84,4,'2014-04-30',3,'2014-04-30',1,NULL,1,'2014-04-29 11:56:33','2014-04-29 11:56:33'),(85,4,'2014-04-30',3,'2014-04-30',1,NULL,14,'2014-04-29 11:56:42','2014-04-29 11:56:42'),(86,4,'2014-04-30',3,'2014-04-30',1,NULL,14,'2014-04-29 12:14:20','2014-04-29 12:14:20'),(87,4,'2014-04-30',3,'2014-04-30',1,NULL,11,'2014-04-29 12:14:29','2014-04-29 12:14:29'),(88,1,'2014-04-30',3,'2014-04-30',1,NULL,55,'2014-04-29 12:50:11','2014-04-29 12:50:11'),(89,1,'2014-04-30',3,'2014-04-30',1,NULL,2,'2014-04-29 12:50:21','2014-04-29 12:50:21'),(90,1,'2014-04-30',3,'2014-04-30',1,NULL,1,'2014-04-29 12:50:27','2014-04-29 12:50:27'),(91,4,'2014-04-30',3,'2014-04-30',1,NULL,11,'2014-04-29 12:50:41','2014-04-29 12:50:41'),(92,4,'2014-04-30',3,'2014-04-30',1,NULL,1,'2014-04-29 12:50:48','2014-04-29 12:50:48'),(93,4,'2014-05-01',3,'2014-05-01',1,NULL,1,'2014-04-30 04:43:22','2014-04-30 04:43:22'),(94,4,'2014-05-01',3,'2014-05-01',1,NULL,11,'2014-04-30 04:43:30','2014-04-30 04:43:30'),(95,4,'2014-05-01',3,'2014-05-01',1,NULL,14,'2014-04-30 04:43:38','2014-04-30 04:43:38'),(96,1,'2014-05-02',3,'2014-07-18',1,NULL,55,'2014-05-01 04:46:32','2014-05-01 04:46:32'),(97,4,'2014-05-05',3,'2014-05-05',1,NULL,14,'2014-05-04 11:49:43','2014-05-04 11:49:43'),(98,4,'2014-05-05',3,'2014-05-05',1,NULL,11,'2014-05-04 11:49:52','2014-05-04 11:49:52'),(99,4,'2014-05-05',3,'2014-05-05',1,NULL,1,'2014-05-04 02:42:59','2014-05-04 02:42:59'),(100,4,'2014-05-05',3,'2014-05-05',1,NULL,11,'2014-05-04 02:43:08','2014-05-04 02:43:08'),(101,4,'2014-05-05',3,'2014-05-05',1,NULL,11,'2014-05-04 02:45:39','2014-05-04 02:45:39'),(102,4,'2014-05-05',3,'2014-05-05',1,NULL,1,'2014-05-04 02:45:47','2014-05-04 02:45:47'),(103,4,'2014-05-05',3,'2014-05-05',1,NULL,1,'2014-05-04 02:50:49','2014-05-04 02:50:49'),(104,4,'2014-05-05',3,'2014-05-05',1,NULL,11,'2014-05-04 02:50:58','2014-05-04 02:50:58'),(105,4,'2014-05-06',3,'2014-05-06',1,NULL,11,'2014-05-05 05:08:36','2014-05-05 05:08:36'),(106,4,'2014-05-06',3,'2014-05-06',1,NULL,14,'2014-05-05 05:08:43','2014-05-05 05:08:43'),(107,4,'2014-05-06',3,'2014-05-06',1,NULL,14,'2014-05-05 03:30:09','2014-05-05 03:30:09'),(108,4,'2014-05-06',3,'2014-05-06',1,NULL,11,'2014-05-05 03:30:16','2014-05-05 03:30:16'),(109,4,'2014-05-06',3,'2014-05-06',1,NULL,11,'2014-05-05 03:42:01','2014-05-05 03:42:01'),(110,4,'2014-05-06',3,'2014-05-06',1,NULL,14,'2014-05-05 03:42:06','2014-05-05 03:42:06'),(111,4,'2014-05-06',3,'2014-05-06',1,NULL,12,'2014-05-05 08:30:01','2014-05-05 08:30:01'),(112,4,'2014-05-06',3,'2014-05-06',1,NULL,110,'2014-05-05 08:30:14','2014-05-05 08:30:14'),(113,4,'2014-05-06',3,'2014-05-06',1,NULL,1,'2014-05-05 08:30:26','2014-05-05 08:30:26'),(114,4,'2014-05-06',3,'2014-05-06',1,NULL,1,'2014-05-05 03:48:38','2014-05-05 03:48:38'),(115,4,'2014-05-06',3,'2014-05-06',1,NULL,110,'2014-05-05 03:48:43','2014-05-05 03:48:43'),(116,4,'2014-05-06',3,'2014-05-06',1,NULL,12,'2014-05-05 03:48:49','2014-05-05 03:48:49'),(117,4,'2014-05-06',3,'2014-05-06',1,NULL,12,'2014-05-05 04:20:44','2014-05-05 04:20:44'),(118,4,'2014-05-06',3,'2014-05-06',1,NULL,110,'2014-05-05 04:20:50','2014-05-05 04:20:50'),(119,4,'2014-05-06',3,'2014-05-06',1,NULL,1,'2014-05-05 04:20:56','2014-05-05 04:20:56'),(120,4,'2014-05-07',3,'2014-05-07',1,NULL,12,'2014-05-06 05:19:03','2014-05-06 05:19:03'),(121,4,'2014-05-07',3,'2014-05-07',1,NULL,110,'2014-05-06 05:19:08','2014-05-06 05:19:08'),(122,4,'2014-05-07',3,'2014-05-07',1,NULL,1,'2014-05-06 05:19:21','2014-05-06 05:19:21'),(123,1,'2014-05-07',3,'2014-05-07',1,NULL,55,'2014-05-06 03:33:22','2014-05-06 03:33:22'),(124,1,'2014-05-07',3,'2014-05-07',1,NULL,1,'2014-05-06 03:33:27','2014-05-06 03:33:27'),(125,4,'2014-05-07',3,'2014-05-07',1,NULL,110,'2014-05-06 03:54:47','2014-05-06 03:54:47'),(126,4,'2014-05-07',3,'2014-05-07',1,NULL,12,'2014-05-06 03:54:53','2014-05-06 03:54:53'),(127,4,'2014-05-07',3,'2014-05-07',1,NULL,110,'2014-05-06 04:01:42','2014-05-06 04:01:42'),(128,4,'2014-05-07',3,'2014-05-07',1,NULL,12,'2014-05-06 04:03:23','2014-05-06 04:03:23'),(129,4,'2014-05-07',3,'2014-05-07',1,NULL,110,'2014-05-06 04:23:50','2014-05-06 04:23:50'),(130,4,'2014-05-07',3,'2014-05-07',1,NULL,1,'2014-05-06 04:27:47','2014-05-06 04:27:47'),(131,4,'2014-05-07',3,'2014-05-07',1,NULL,110,'2014-05-06 04:29:26','2014-05-06 04:29:26'),(132,4,'2014-05-07',3,'2014-05-07',1,NULL,110,'2014-05-06 04:34:34','2014-05-06 04:34:34'),(133,4,'2014-05-07',3,'2014-05-07',1,NULL,110,'2014-05-06 04:36:15','2014-05-06 04:36:15'),(134,4,'2014-05-07',3,'2014-05-07',1,NULL,110,'2014-05-06 03:08:28','2014-05-06 03:08:28'),(135,4,'2014-05-07',3,'2014-05-07',1,NULL,110,'2014-05-06 03:16:15','2014-05-06 03:16:15'),(136,4,'2014-05-07',3,'2014-05-07',1,NULL,1,'2014-05-06 03:18:14','2014-05-06 03:18:14'),(137,4,'2014-05-07',3,'2014-05-07',1,NULL,1,'2014-05-06 03:22:06','2014-05-06 03:22:06'),(138,4,'2014-05-07',3,'2014-05-07',1,NULL,1,'2014-05-06 03:24:29','2014-05-06 03:24:29'),(139,4,'2014-05-07',3,'2014-05-07',1,NULL,1,'2014-05-06 03:28:47','2014-05-06 03:28:47'),(140,4,'2014-05-07',3,'2014-05-07',1,NULL,1,'2014-05-06 03:44:49','2014-05-06 03:44:49'),(141,4,'2014-05-07',3,'2014-05-07',1,NULL,1,'2014-05-06 03:47:51','2014-05-06 03:47:51'),(142,4,'2014-05-07',3,'2014-05-07',1,NULL,1,'2014-05-06 04:15:27','2014-05-06 04:15:27'),(143,4,'2014-05-07',3,'2014-05-07',1,NULL,1,'2014-05-06 04:20:29','2014-05-06 04:20:29'),(144,4,'2014-05-06',3,'2014-05-06',1,NULL,24,'2014-05-05 17:15:09','2014-05-05 17:15:09'),(145,4,'2014-05-07',3,'2014-05-07',1,NULL,110,'2014-05-06 03:17:53','2014-05-06 03:17:53'),(146,4,'2014-05-07',3,'2014-05-07',1,NULL,110,'2014-05-06 05:36:17','2014-05-06 05:36:17'),(147,4,'2014-05-07',3,'2014-05-07',1,NULL,24,'2014-05-06 05:36:23','2014-05-06 05:36:23'),(148,4,'2014-05-07',3,'2014-05-07',1,NULL,1,'2014-05-06 05:36:28','2014-05-06 05:36:28'),(149,1,'2014-05-08',3,'2014-05-08',1,NULL,55,'2014-05-07 06:15:24','2014-05-07 06:15:24'),(150,1,'2014-05-08',3,'2014-05-08',1,NULL,1,'2014-05-07 06:15:30','2014-05-07 06:15:30'),(151,1,'2014-05-08',3,'2014-05-08',1,NULL,2,'2014-05-07 06:15:37','2014-05-07 06:15:37'),(152,4,'2014-05-07',3,'2014-05-07',1,NULL,1,'2014-05-06 03:44:55','2014-05-06 03:44:55'),(153,4,'2014-05-07',3,'2014-05-07',1,NULL,24,'2014-05-06 03:44:59','2014-05-06 03:44:59'),(154,1,'2014-05-07',3,'2014-05-07',1,NULL,55,'2014-05-06 04:33:16','2014-05-06 04:33:16'),(155,4,'2014-05-07',3,'2014-05-07',1,NULL,24,'2014-05-06 04:46:23','2014-05-06 04:46:23'),(156,1,'2014-05-07',3,'2014-05-07',1,NULL,70,'2014-05-06 09:58:20','2014-05-06 09:58:20'),(158,4,'2014-05-07',3,'2014-05-07',1,NULL,20,'2014-05-06 09:59:10','2014-05-06 09:59:10'),(159,4,'2014-05-08',3,'2014-05-08',1,NULL,20,'2014-05-07 08:06:45','2014-05-07 08:06:45'),(160,1,'2014-05-08',3,'2014-05-08',1,NULL,70,'2014-05-07 08:09:20','2014-05-07 08:09:20'),(161,21,'2014-05-09',3,'2014-05-09',1,NULL,14,'2014-05-08 09:16:03','2014-05-08 09:16:03'),(162,19,'2014-05-09',3,'2014-05-09',1,NULL,10,'2014-05-08 09:17:25','2014-05-08 09:17:25'),(164,21,'2014-05-13',3,'2014-05-13',1,NULL,14,'2014-05-12 07:33:21','2014-05-12 07:33:21'),(165,21,'2014-05-13',3,'2014-05-13',1,NULL,14,'2014-05-12 07:33:34','2014-05-12 07:33:34'),(166,21,'2014-05-14',3,'2014-05-14',1,NULL,14,'2014-05-13 04:26:38','2014-05-13 04:26:38'),(167,4,'2014-06-18',3,'2014-07-18',1,NULL,5,'2014-06-17 09:05:15','2014-06-17 09:05:15'),(168,1,'2014-07-01',3,'2014-07-18',1,NULL,4,'2014-06-30 14:38:44','2014-06-30 14:38:44'),(169,1,'2014-07-02',3,'2014-07-18',1,NULL,3,'2014-06-30 15:24:18','2014-06-30 15:24:18'),(170,1,'2014-07-03',3,'2014-07-18',1,NULL,3,'2014-06-30 15:44:02','2014-06-30 15:44:02'),(171,1,'2014-07-02',3,'2014-07-18',1,NULL,45,'2014-07-01 07:49:05','2014-07-01 07:49:05'),(172,1,'2014-07-02',3,'2014-07-18',1,NULL,45,'2014-07-01 11:07:03','2014-07-01 11:07:03'),(173,1,'2014-07-02',3,'2014-07-18',1,NULL,45,'2014-07-01 11:08:03','2014-07-01 11:08:03'),(174,14,'2014-07-02',3,'2014-07-18',1,NULL,17,'2014-07-01 18:02:40','2014-07-01 18:02:40'),(175,4,'2014-07-07',3,'2014-07-18',1,NULL,7,'2014-07-06 09:28:07','2014-07-06 09:28:07'),(176,1,'2014-07-07',3,'2014-07-18',1,NULL,10,'2014-07-06 09:28:31','2014-07-06 09:28:31'),(177,1,'2014-07-08',3,'2014-07-18',1,NULL,35,'2014-07-07 14:34:02','2014-07-07 14:34:02'),(180,4,'2014-07-08',3,'2014-07-18',1,NULL,8,'2014-07-07 16:38:43','2014-07-07 16:38:43'),(181,1,'2014-07-09',3,'2014-07-18',1,NULL,35,'2014-07-07 16:44:18','2014-07-07 16:44:18'),(182,1,'2014-07-08',3,'2014-07-18',1,NULL,35,'2014-07-07 16:44:50','2014-07-07 16:44:50'),(187,1,'2014-07-09',3,'2014-07-18',1,NULL,35,'2014-07-08 00:17:03','2014-07-08 11:09:29'),(188,1,'2014-07-09',3,'2014-07-18',1,NULL,36,'2014-07-08 00:17:27','2014-07-08 00:17:27'),(189,1,'2014-07-09',3,'2014-07-18',1,NULL,36,'2014-07-08 00:17:54','2014-07-08 00:17:54'),(190,1,'2014-07-09',3,'2014-07-18',1,NULL,36,'2014-07-08 00:18:26','2014-07-08 00:18:26'),(191,1,'2014-07-08',3,'2014-07-18',1,NULL,29,'2014-07-07 22:19:29','2014-07-07 22:19:29'),(192,1,'2014-07-08',3,'2014-07-18',1,NULL,36,'2014-07-07 22:19:37','2014-07-07 22:19:37'),(211,NULL,'2014-07-08',3,'2014-07-18',1,NULL,3,'2014-07-07 23:11:10','2014-07-07 23:59:38'),(212,0,'2014-07-08',3,'2014-07-18',1,NULL,4,'2014-07-07 23:11:19','2014-07-07 23:55:47'),(213,0,'2014-07-08',3,'2014-07-18',1,NULL,4,'2014-07-07 23:14:39','2014-07-07 23:53:26'),(214,0,'2014-07-08',3,'2014-07-18',1,NULL,2,'2014-07-07 23:40:16','2014-07-07 23:53:13'),(230,1,'2014-07-09',3,'2014-07-18',1,NULL,36,'2014-07-08 18:11:12','2014-07-08 18:11:12'),(239,1,'2014-07-10',3,'2014-07-18',1,NULL,30,'2014-07-09 13:48:08','2014-07-09 13:48:08'),(240,1,'2014-07-10',3,'2014-07-18',1,NULL,30,'2014-07-09 14:57:29','2014-07-09 14:57:29'),(257,14,'2014-07-11',3,'2014-07-18',1,NULL,17,'2014-07-10 11:12:55','2014-07-10 11:12:55'),(269,1,'2014-07-11',3,'2014-07-18',1,NULL,30,'2014-07-10 11:53:29','2014-07-10 11:53:29'),(272,1,'2014-07-11',3,'2014-07-18',1,NULL,11,'2014-07-10 14:20:07','2014-07-10 14:20:27'),(288,1,'2014-07-12',3,'2014-07-18',1,NULL,4,'2014-07-11 16:19:51','2014-07-11 16:19:51'),(289,1,'2014-07-12',3,'2014-07-18',1,NULL,4,'2014-07-11 16:20:01','2014-07-11 16:20:01'),(292,1,'2014-07-13',3,'2014-07-18',1,NULL,4,'2014-07-12 12:49:13','2014-07-12 12:49:13'),(294,1,'2014-07-13',3,'2014-07-18',1,NULL,4,'2014-07-12 12:50:33','2014-07-12 12:50:33'),(295,1,'2014-07-13',3,'2014-07-18',1,NULL,4,'2014-07-12 12:54:01','2014-07-12 12:54:01'),(299,1,'2014-07-13',3,'2014-07-18',1,NULL,12,'2014-07-12 13:18:31','2014-07-12 13:18:31'),(301,1,'2014-07-14',3,'2014-07-18',1,NULL,4,'2014-07-13 14:30:44','2014-07-13 14:30:44'),(302,1,'2014-07-14',3,'2014-07-18',1,NULL,4,'2014-07-13 14:31:01','2014-07-13 14:31:01'),(303,1,'2014-07-14',3,'2014-07-18',1,NULL,4,'2014-07-13 14:31:56','2014-07-13 14:31:56'),(304,1,'2014-07-14',3,'2014-07-18',1,NULL,4,'2014-07-13 14:32:04','2014-07-13 14:32:04'),(305,1,'2014-07-15',3,'2014-07-18',1,NULL,3,'2014-07-14 05:43:57','2014-07-14 05:43:57'),(308,1,'2014-07-15',3,'2014-07-18',1,NULL,7,'2014-07-14 07:48:34','2014-07-14 09:10:10'),(311,1,'2014-07-15',3,'2014-07-18',1,NULL,4,'2014-07-14 11:02:15','2014-07-14 11:02:15'),(312,1,'2014-07-15',3,'2014-07-18',1,NULL,4,'2014-07-14 11:02:57','2014-07-14 11:02:57'),(313,1,'2014-07-15',3,'2014-07-18',1,NULL,33,'2014-07-14 11:04:16','2014-07-14 11:04:16'),(314,1,'2014-07-15',3,'2014-07-18',1,NULL,44,'2014-07-14 11:05:27','2014-07-14 11:05:27'),(315,1,'2014-07-15',3,'2014-07-18',1,NULL,4,'2014-07-14 11:07:31','2014-07-14 11:07:31'),(316,1,'2014-07-15',3,'2014-07-18',1,NULL,72,'2014-07-14 11:08:25','2014-07-14 11:08:25'),(317,1,'2014-07-15',3,'2014-07-18',1,NULL,5,'2014-07-14 11:30:40','2014-07-14 11:30:40'),(318,1,'2014-07-15',3,'2014-07-18',1,NULL,1,'2014-07-14 11:32:52','2014-07-14 11:32:52'),(319,1,'2014-07-15',3,'2014-07-18',1,NULL,4,'2014-07-14 11:39:12','2014-07-14 11:39:12'),(320,1,'2014-07-15',3,'2014-07-18',1,NULL,7,'2014-07-14 11:41:56','2014-07-14 11:41:56'),(321,1,'2014-07-15',3,'2014-07-18',1,NULL,7,'2014-07-14 11:42:53','2014-07-14 11:42:53'),(322,1,'2014-07-15',3,'2014-07-18',1,NULL,5,'2014-07-14 12:01:05','2014-07-14 12:01:05'),(323,1,'2014-07-15',3,'2014-07-18',1,NULL,5,'2014-07-14 12:01:19','2014-07-14 12:01:19'),(324,1,'2014-07-15',3,'2014-07-18',1,NULL,5,'2014-07-14 12:02:17','2014-07-14 12:02:17'),(325,1,'2014-07-15',3,'2014-07-18',1,NULL,5,'2014-07-14 12:03:17','2014-07-14 12:03:17'),(326,1,'2014-07-15',3,'2014-07-18',1,NULL,5,'2014-07-14 12:15:14','2014-07-14 12:15:14'),(327,1,'2014-07-16',3,'2014-07-18',1,NULL,5,'2014-07-15 06:40:53','2014-07-15 06:40:53'),(331,1,'2014-07-17',3,'2014-07-17',1,NULL,55,'2014-07-16 12:20:31','2014-07-16 12:20:31'),(332,1,'2014-07-17',3,'2014-07-17',1,NULL,90,'2014-07-16 12:20:45','2014-07-16 12:20:45'),(333,1,'2014-07-17',3,'2014-07-17',1,NULL,4,'2014-07-16 12:20:54','2014-07-16 12:20:54'),(334,14,'2014-07-17',3,'2014-07-17',1,NULL,20,'2014-07-16 12:21:21','2014-07-16 12:21:21'),(335,1,'2014-07-18',3,'2014-07-18',1,NULL,105,'2014-07-17 03:14:40','2014-07-17 03:14:40'),(336,1,'2014-07-18',3,'2014-07-18',1,NULL,20,'2014-07-17 03:14:46','2014-07-17 03:14:46'),(337,21,'2014-07-18',3,'2014-07-18',1,NULL,84,'2014-07-17 03:16:33','2014-07-17 03:16:33'),(338,14,'2014-07-18',3,'2014-07-18',1,NULL,666,'2014-07-17 03:16:57','2014-07-17 03:16:57'),(339,14,'2014-07-18',3,'2014-07-18',1,NULL,20,'2014-07-17 03:17:06','2014-07-17 03:17:06'),(340,1,'2014-07-20',3,'2014-07-20',1,NULL,18,'2014-07-19 06:24:49','2014-07-19 10:08:42'),(341,1,'2014-07-20',3,'2014-07-20',1,NULL,20,'2014-07-19 08:53:38','2014-07-19 08:53:38'),(342,1,'2014-07-20',3,'2014-07-20',1,NULL,130,'2014-07-19 10:11:19','2014-07-19 10:12:21'),(343,4,'2014-07-20',3,'2014-07-20',1,NULL,156,'2014-07-19 12:43:59','2014-07-19 12:43:59'),(344,4,'2014-07-20',3,'2014-07-20',1,NULL,156,'2014-07-19 12:44:11','2014-07-19 12:44:11'),(345,4,'2014-07-20',3,'2014-07-20',1,NULL,95,'2014-07-19 13:18:53','2014-07-19 13:18:53'),(346,4,'2014-07-20',3,'2014-07-20',1,NULL,95,'2014-07-19 13:18:58','2014-07-19 13:18:58'),(347,4,'2014-07-20',3,'2014-07-20',1,NULL,95,'2014-07-19 13:19:03','2014-07-19 13:19:03'),(348,1,'2014-07-21',1,'2014-07-22',1,NULL,95,'2014-07-20 02:59:11','2014-07-20 02:59:11'),(349,21,'2014-07-22',1,'2014-07-22',1,NULL,84,'2014-07-21 03:53:24','2014-07-21 03:53:24'),(350,1,'2014-07-22',1,'2014-07-22',1,NULL,66,'2014-07-21 05:53:26','2014-07-21 06:02:02'),(351,1,'2014-07-22',1,'2014-07-22',1,NULL,66,'2014-07-21 06:12:33','2014-07-21 06:12:33'),(356,1,'2014-07-22',1,'2014-07-23',1,NULL,66,'2014-07-21 08:16:14','2014-07-21 08:16:14'),(357,1,'2014-07-22',1,'2014-07-23',1,NULL,156,'2014-07-21 08:16:31','2014-07-21 08:16:31'),(358,1,'2014-07-22',1,'2014-07-23',1,NULL,156,'2014-07-21 09:03:17','2014-07-21 09:03:17'),(359,1,'2014-07-22',1,'2014-07-23',1,NULL,156,'2014-07-21 09:03:52','2014-07-21 09:03:52'),(376,1,'2014-07-23',1,'2014-07-23',1,NULL,156,'2014-07-22 06:03:17','2014-07-22 06:03:17'),(377,1,'2014-07-23',1,'2014-07-23',1,NULL,156,'2014-07-22 06:04:57','2014-07-22 06:04:57'),(378,1,'2014-07-23',1,'2014-07-23',1,NULL,1,'2014-07-22 06:05:20','2014-07-22 06:05:20'),(379,1,'2014-07-23',1,'2014-07-23',1,NULL,1,'2014-07-22 06:06:14','2014-07-22 06:06:14'),(380,1,'2014-07-23',1,'2014-07-23',1,NULL,1,'2014-07-22 06:07:11','2014-07-22 06:07:11'),(381,1,'2014-07-23',1,'2014-07-23',1,NULL,2,'2014-07-22 06:07:55','2014-07-22 06:07:55'),(382,1,'2014-07-23',1,'2014-07-23',1,NULL,2,'2014-07-22 06:08:47','2014-07-22 06:08:47'),(383,1,'2014-07-23',1,'2014-07-23',1,NULL,10,'2014-07-22 06:12:03','2014-07-22 06:12:29'),(384,1,'2014-07-23',1,'2014-07-23',1,NULL,2,'2014-07-22 06:12:12','2014-07-22 06:12:12'),(385,1,'2014-07-23',1,'2014-07-23',1,NULL,55,'2014-07-22 06:12:46','2014-07-22 06:12:46'),(386,1,'2014-07-24',3,'2014-07-24',1,NULL,55,'2014-07-23 05:41:07','2014-07-23 05:41:07'),(387,1,'2014-07-24',3,'2014-07-24',1,NULL,33,'2014-07-23 05:41:17','2014-07-23 05:41:17'),(388,1,'2014-07-24',3,'2014-07-24',1,NULL,33,'2014-07-23 03:55:23','2014-07-23 03:55:23'),(389,1,'2014-07-24',3,'2014-07-24',1,NULL,33,'2014-07-23 03:55:29','2014-07-23 03:55:29'),(390,1,'2014-07-23',3,'2014-07-24',1,NULL,33,'2014-07-22 03:56:13','2014-07-22 03:56:13'),(391,1,'2014-07-23',3,'2014-07-24',1,NULL,33,'2014-07-22 03:56:24','2014-07-22 03:56:24'),(392,1,'2014-07-23',3,'2014-07-24',1,NULL,156,'2014-07-22 03:56:32','2014-07-22 03:56:32'),(393,1,'2014-07-23',3,'2014-07-24',1,NULL,156,'2014-07-22 04:13:53','2014-07-22 04:13:53'),(394,1,'2014-07-23',3,'2014-07-24',1,NULL,156,'2014-07-22 04:14:07','2014-07-22 04:14:07'),(395,1,'2014-07-23',3,'2014-07-24',1,NULL,156,'2014-07-22 04:15:09','2014-07-22 04:15:09'),(396,1,'2014-07-23',3,'2014-07-24',1,NULL,156,'2014-07-22 04:15:14','2014-07-22 04:15:14'),(397,1,'2014-07-23',3,'2014-07-24',1,NULL,156,'2014-07-22 04:16:33','2014-07-22 04:16:33'),(398,1,'2014-07-23',3,'2014-07-24',1,NULL,156,'2014-07-22 04:16:37','2014-07-22 04:16:37'),(399,1,'2014-07-23',3,'2014-07-24',1,NULL,156,'2014-07-22 04:16:41','2014-07-22 04:16:41'),(400,1,'2014-07-23',3,'2014-07-24',1,NULL,156,'2014-07-22 04:16:45','2014-07-22 04:16:45'),(401,1,'2014-07-23',3,'2014-07-24',1,NULL,156,'2014-07-22 04:16:49','2014-07-22 04:16:49'),(402,1,'2014-07-23',3,'2014-07-24',1,NULL,156,'2014-07-22 04:17:50','2014-07-22 04:17:50'),(403,1,'2014-07-23',3,'2014-07-24',1,NULL,156,'2014-07-22 04:17:55','2014-07-22 04:17:55'),(404,1,'2014-07-23',3,'2014-07-24',1,NULL,156,'2014-07-22 04:18:00','2014-07-22 04:18:00'),(405,1,'2014-07-23',3,'2014-07-24',1,NULL,156,'2014-07-22 04:18:03','2014-07-22 04:18:03'),(406,1,'2014-07-23',3,'2014-07-24',1,NULL,156,'2014-07-22 04:18:14','2014-07-22 04:18:14'),(407,1,'2014-07-23',3,'2014-07-24',1,NULL,156,'2014-07-22 04:18:27','2014-07-22 04:18:27'),(408,1,'2014-07-25',1,'2014-07-26',1,NULL,398,'2014-07-24 11:07:15','2014-07-24 11:07:15'),(409,1,'2014-07-28',NULL,NULL,1,NULL,404,'2014-07-24 11:08:13','2014-07-24 11:08:13'),(410,1,'2014-07-26',1,'2014-07-26',1,NULL,210,'2014-07-25 11:09:09','2014-07-25 11:09:09'),(411,1,'2014-07-26',1,'2014-07-26',1,NULL,210,'2014-07-25 03:07:55','2014-07-25 03:07:55'),(412,1,'2014-07-26',1,'2014-07-26',1,NULL,210,'2014-07-25 03:08:02','2014-07-25 03:08:02'),(413,1,'2014-07-26',1,'2014-07-26',1,NULL,210,'2014-07-25 03:08:59','2014-07-25 03:08:59'),(414,1,'2014-07-26',1,'2014-07-26',1,NULL,200,'2014-07-25 03:09:05','2014-07-25 03:16:25'),(417,1,'2014-07-27',1,'2014-07-27',1,NULL,555,'2014-07-26 11:13:26','2014-07-26 11:13:26'),(418,1,'2014-07-27',1,'2014-07-27',1,NULL,0,'2014-07-26 11:16:03','2014-07-26 11:16:03'),(419,1,'2014-07-28',NULL,NULL,1,NULL,200,'2014-07-27 03:15:32','2014-07-27 03:15:32'),(420,1,'2014-07-28',NULL,NULL,1,NULL,200,'2014-07-27 03:36:52','2014-07-27 03:36:52'),(421,1,'2014-08-05',NULL,NULL,1,NULL,200,'2014-08-04 10:04:02','2014-08-04 10:04:02'),(422,1,'2014-08-05',NULL,NULL,1,NULL,200,'2014-08-04 14:07:07','2014-08-04 14:07:07'),(423,1,'2014-08-15',1,'2014-08-15',1,NULL,200,'2014-08-14 13:15:09','2014-08-14 13:15:09'),(424,1,'2014-08-15',1,'2014-08-15',1,NULL,200,'2014-08-14 13:15:16','2014-08-14 13:15:16'),(425,1,'2014-08-18',NULL,NULL,1,NULL,200,'2014-08-17 03:45:45','2014-08-17 03:45:45'),(426,1,'2014-08-18',NULL,NULL,1,NULL,200,'2014-08-17 03:47:01','2014-08-17 03:47:01'),(427,1,'2014-09-03',1,'2014-09-09',1,NULL,200,'2014-08-31 03:37:24','2014-08-31 03:37:50'),(429,1,'2014-09-09',1,'2014-09-09',1,NULL,200,'2014-09-08 09:12:10','2014-09-08 09:12:10'),(430,1,'2014-09-09',1,'2014-09-09',1,NULL,190,'2014-09-08 09:17:15','2014-09-08 09:17:15');
/*!40000 ALTER TABLE `orders` ENABLE KEYS */;
UNLOCK TABLES;

--
-- Table structure for table `schema_migrations`
--

DROP TABLE IF EXISTS `schema_migrations`;
/*!40101 SET @saved_cs_client     = @@character_set_client */;
/*!40101 SET character_set_client = utf8 */;
CREATE TABLE `schema_migrations` (
  `version` varchar(255) COLLATE utf8_unicode_ci NOT NULL,
  UNIQUE KEY `unique_schema_migrations` (`version`)
) ENGINE=InnoDB DEFAULT CHARSET=utf8 COLLATE=utf8_unicode_ci;
/*!40101 SET character_set_client = @saved_cs_client */;

--
-- Dumping data for table `schema_migrations`
--

LOCK TABLES `schema_migrations` WRITE;
/*!40000 ALTER TABLE `schema_migrations` DISABLE KEYS */;
INSERT INTO `schema_migrations` VALUES ('20131213073302'),('20131213073341'),('20131213073419'),('20131213073440'),('20131213073457'),('20140423125707'),('20140424161328'),('20140425075807'),('20140625123541'),('20140625142621');
/*!40000 ALTER TABLE `schema_migrations` ENABLE KEYS */;
UNLOCK TABLES;

--
-- Table structure for table `users`
--

DROP TABLE IF EXISTS `users`;
/*!40101 SET @saved_cs_client     = @@character_set_client */;
/*!40101 SET character_set_client = utf8 */;
CREATE TABLE `users` (
  `id` int(11) NOT NULL AUTO_INCREMENT,
  `email` varchar(255) COLLATE utf8_unicode_ci DEFAULT NULL,
  `password_hash` varchar(255) COLLATE utf8_unicode_ci DEFAULT NULL,
  `password_salt` varchar(255) COLLATE utf8_unicode_ci DEFAULT NULL,
  `region` int(11) DEFAULT '1',
  `name` varchar(255) COLLATE utf8_unicode_ci DEFAULT NULL,
  `address` varchar(255) COLLATE utf8_unicode_ci DEFAULT NULL,
  `created_at` datetime DEFAULT NULL,
  `updated_at` datetime DEFAULT NULL,
  `type_owner` varchar(255) COLLATE utf8_unicode_ci DEFAULT NULL,
  PRIMARY KEY (`id`),
  KEY `index_users_on_email` (`email`),
  KEY `index_users_on_region` (`region`)
) ENGINE=InnoDB AUTO_INCREMENT=25 DEFAULT CHARSET=utf8 COLLATE=utf8_unicode_ci;
/*!40101 SET character_set_client = @saved_cs_client */;

--
-- Dumping data for table `users`
--

LOCK TABLES `users` WRITE;
/*!40000 ALTER TABLE `users` DISABLE KEYS */;
INSERT INTO `users` VALUES (1,'s@serafimov.ru','$2a$10$GpNPyzWKkIxQD2IcZg8axexdVX278Td8V0fENaZU71MzEIuzYarCm','$2a$10$GpNPyzWKkIxQD2IcZg8axe',1,'Sergey S.','Tokdum soi, 53/41','2013-12-13 09:19:49','2014-07-26 10:53:37','admin'),(3,'qwerty_66@inbox.ru','$2a$10$9jW2pNa1ijnd5TsQf.4tGOrZvD0mEDdE083Ed8jldTP7sG.QQJ/bi','$2a$10$9jW2pNa1ijnd5TsQf.4tGO',1,'Юрий','Авиационная д.3, Жуковский','2013-12-13 09:37:18','2014-09-04 16:02:04','expeditor'),(4,'romanov@wclass.ru','$2a$10$cMAkgGcpzpMKw/2PSuVk0e.JU/u.q1bdaQ9mn2chYqJ55mN.JWkBe','$2a$10$cMAkgGcpzpMKw/2PSuVk0e',1,'Клуб Романов','Романов переулок д.6, Москва','2013-12-13 09:40:41','2014-08-17 03:43:57','user'),(14,'gra_dor@mail.ru','$2a$10$J5Nw0Cbbq/p9Ia4bydpPauY9f49KDZoOTE/kAjeTp8btsuIjAauc2','$2a$10$J5Nw0Cbbq/p9Ia4bydpPau',1,'Alex Fitness club Коломенская','Андропова проспект, д. 36, Москва','2014-05-07 05:26:00','2014-09-08 09:16:43','user'),(19,'pavla.spb@gmail.com','$2a$10$xtyniYsn64sixYKeh9KZXOiORoNUz/x5GQ68yGh/efjiX0FwqnO3i','$2a$10$xtyniYsn64sixYKeh9KZXO',1,'Pavla','Saint Petersbourg','2014-05-07 13:08:32','2014-07-07 16:41:48','user'),(21,'ser.serafimov@mail.ru','$2a$10$8TCm00BEezSvMwQaq1nBAuVVGKrBDHVgldP7ZCdpv02rAOrWzT5tO','$2a$10$8TCm00BEezSvMwQaq1nBAu',1,'Orange Fit','Октябрьская ул., д. 6, Москва','2014-05-07 16:33:44','2014-09-04 16:02:28','tester'),(22,'chimki@alexfit.ru','$2a$10$4kgdbz9s85R8pLEXOSiO8OcfeBLISheGB3PzG8lwq2KRhaKYfsP5m','$2a$10$4kgdbz9s85R8pLEXOSiO8O',1,'Алекс Фитнесс Химки','Химки, 74 км МКАД, ул. Молодежная, д.7, ТЦ Арфа','2014-07-07 14:49:33','2014-07-07 14:49:33','user'),(23,'Vyhino@alexfit.ru','$2a$10$sr8WEnNRzPDCjBxfdBJseu0RAqy76zx5PZfrq80JoArNlze9BXQCq','$2a$10$sr8WEnNRzPDCjBxfdBJseu',1,'1','3','2014-07-18 06:08:27','2014-07-18 06:08:27','user'),(24,'otradnoe@alexfit.ru','$2a$10$CR0eVNhVK9Eb87Ohi0yHyOVVVK/pGGmtgHAqdUxF9sDdBEv0zG1e6','$2a$10$CR0eVNhVK9Eb87Ohi0yHyO',1,'2','2','2014-07-18 06:12:58','2014-07-18 06:12:58','user');
/*!40000 ALTER TABLE `users` ENABLE KEYS */;
UNLOCK TABLES;
/*!40103 SET TIME_ZONE=@OLD_TIME_ZONE */;

/*!40101 SET SQL_MODE=@OLD_SQL_MODE */;
/*!40014 SET FOREIGN_KEY_CHECKS=@OLD_FOREIGN_KEY_CHECKS */;
/*!40014 SET UNIQUE_CHECKS=@OLD_UNIQUE_CHECKS */;
/*!40101 SET CHARACTER_SET_CLIENT=@OLD_CHARACTER_SET_CLIENT */;
/*!40101 SET CHARACTER_SET_RESULTS=@OLD_CHARACTER_SET_RESULTS */;
/*!40101 SET COLLATION_CONNECTION=@OLD_COLLATION_CONNECTION */;
/*!40111 SET SQL_NOTES=@OLD_SQL_NOTES */;

-- Dump completed on 2014-09-21 22:16:38
